brand,model,year,spec,dB_at_80kmh
Abarth,500,2008.0,1.4 16v T-Jet,67.0
Abarth,595,2017.0,Competizione,69.0
Acura,MDX,2013.0,3.5 V6,57.9
Acura,RDX,2012.0,3.5 V6,61.5
Acura,RL,2009.0,3.7 V6,63.0
Acura,RLX,2013.0,3.5 V6,56.0
Acura,RLX,2016.0,3.5 V6,56.7
Acura,TL,2009.0,3.5 V6,63.3
Acura,TL,2010.0,3.7 V6,53.8
Acura,TSX,2009.0,2.4,61.2
Acura,TSX,2010.0,V6,61.7
Acura,TSX,2011.0,Stationcar,61.7
Alfa Romeo,147,2008.0,1.9 JTDm,63.5
Alfa Romeo,159,2008.0,2.2 JTS,63.0
Alfa Romeo,159,2008.0,2.2 JTS Selespeed,63.0
Alfa Romeo,4C,2014.0, ,76.1
Alfa Romeo,Giulia,2017.0,2.1d,63.5
Alfa Romeo,Giulia,2017.0,2.9 V6,64.0
Alfa Romeo,Giulia,2018.0,2,58.9
Alfa Romeo,Giulietta,2010.0,1.4,64.0
Alfa Romeo,Giulietta,2011.0,1.6 JTDm,61.9
Alfa Romeo,Giulietta,2012.0,1.4T,61.1
Alfa Romeo,Giulietta,2012.0,2.0 JTDm,64.0
Alfa Romeo,Giulietta,2018.0,1.4,61.8
Alfa Romeo,Giulietta,2018.0,1.6d,61.5
Alfa Romeo,GT,2008.0,1.9 JTDm Q2,59.2
Alfa Romeo,MiTo,2008.0,1.4 Turbo 155,63.8
Alfa Romeo,MiTo,2009.0,1.6 JTDm,66.0
Alfa Romeo,MiTo,2010.0,1.4 Turbo Multi-Air,66.4
Alfa Romeo,Stelvio,2017.0,2,61.0
Alfa Romeo,Stelvio,2017.0,2.1d,58.3
Alpina,B7,2011.0, ,61.5
Aston Martin,Rapide,2013.0,5.9 V12,62.2
Audi,A1,2010.0,1.4 TFSI S tronic,64.4
Audi,A1,2014.0,1.4,63.3
Audi,A1,2018.0,1,59.8
Audi,A1,2018.0,1.6 TDI,62.0
Audi,A3,2008.0,2.0 TFSI Cabrio,63.0
Audi,A3,2009.0,1.4 TFSI S-Tronic,63.7
Audi,A3,2010.0,1.2 TSI Cabrio,65.5
Audi,A3,2010.0,1.4 TFSI Stationcar,65.0
Audi,A3,2011.0,1.2 TFSI Stationcar,64.0
Audi,A3,2012.0,1.4 TFSI,61.4
Audi,A3,2012.0,1.8 TFSI,62.7
Audi,A3,2013.0,1.8 Stationcar,61.2
Audi,A3,2013.0,2.0 TDI,60.9
Audi,A3,2014.0,2,58.6
Audi,A3,2014.0,1.8 TFSI Cabrio,60.2
Audi,A3,2014.0,G-Tron,59.5
Audi,A3,2016.0,1,59.5
Audi,A3,2016.0,1.4 Cabrio,62.1
Audi,A3,2016.0,2.0 TDI Stationcar,62.0
Audi,A3,2018.0,1.6 TDI Stationcar,60.5
Audi,A3,2018.0,E-tron,61.0
Audi,A4,2008.0,1.8 TFSI,61.5
Audi,A4,2008.0,2.0 TDI,61.1
Audi,A4,2008.0,2.0 TDI Stationcar,62.7
Audi,A4,2009.0,3.2 V6,59.9
Audi,A4,2011.0,1.8 TFSI,64.4
Audi,A4,2011.0,2.0 TFSI Allroad,60.5
Audi,A4,2012.0,2.0 TDI,61.6
Audi,A4,2012.0,2.0 TDIe,60.9
Audi,A4,2012.0,2.0 TFSI,59.9
Audi,A4,2014.0,2.0 T,59.4
Audi,A4,2014.0,2.0 TDI Stationcar,59.1
Audi,A4,2014.0,3.0 TDI Stationcar,59.6
Audi,A4,2015.0,2.0 TDI,58.6
Audi,A4,2015.0,2.0 TDI Stationcar,60.9
Audi,A4,2016.0,2.0 TDI,59.0
Audi,A4,2016.0,2.0 TFSI,58.0
Audi,A4,2017.0,2.0 TDI,59.5
Audi,A5,2008.0,3.0 TDI Quattro,62.5
Audi,A5,2009.0,3.2 FSI Quattro Tiptronic,60.5
Audi,A5,2010.0,2.0 TFSI Cabrio,63.2
Audi,A5,2010.0,3.2 FSI Quattro,62.6
Audi,A5,2012.0,1.8 TFSI Sportback,62.4
Audi,A5,2016.0,2.0 TFSI,59.5
Audi,A5,2018.0,2.0 TDI,58.6
Audi,A6,2009.0,2.0 TDIe,61.7
Audi,A6,2009.0,3.0 TFSI Quattro,61.6
Audi,A6,2010.0,2.8 FSI Tiptronic Quattro Stationcar,62.1
Audi,A6,2010.0,3.0 TDI,61.8
Audi,A6,2011.0,3.0 TDI Quattro,61.6
Audi,A6,2011.0,3.0 TFSI,60.6
Audi,A6,2011.0,3.0 TFSI Stationcar,58.3
Audi,A6,2012.0,3.0 TDI Stationcar,62.3
Audi,A6,2012.0,3.0 TFSI Quattro,59.0
Audi,A6,2015.0,2.0 TDI,61.5
Audi,A6,2015.0,3.0 TDI,60.1
Audi,A6,2016.0,2.0 TDI,57.3
Audi,A6,2016.0,2.0 TDI,61.5
Audi,A6,2016.0,2.0 TDI Stationcar,60.5
Audi,A6,2016.0,3.0 TDI,61.2
Audi,A6,2017.0,2.0 TDI,60.0
Audi,A6,2017.0,2.0 TFSI,58.5
Audi,A6,2017.0,3.0 TDI,60.5
Audi,A6,2017.0,3.0 TDI stationcar,60.0
Audi,A7,2011.0,3.0 TFSI,60.7
Audi,A8,2008.0,2.8 FSIe,60.4
Audi,A8,2010.0,4.2 TDI Quattro,59.0
Audi,A8,2010.0,4.2 V8 FSI,58.6
Audi,A8,2011.0,4.2 V8,59.3
Audi,A8,2012.0,4.0 V8,57.5
Audi,A8,2014.0,3.0 TDI,57.6
Audi,Q2,2017.0,1.4,63.0
Audi,Q2,2018.0,1,57.4
Audi,Q2,2018.0,1.4,57.7
Audi,Q3,2011.0,2.0 TDI Quattro,61.6
Audi,Q3,2015.0,2,61.1
Audi,Q3,2016.0,2,61.0
Audi,Q3,2016.0,2.0 TDI,62.5
Audi,Q3,2018.0,1.4,57.7
Audi,Q3 RS,2015.0, ,62.1
Audi,Q5,2008.0,3.0 TDI,61.1
Audi,Q5,2009.0,2.0 TDI Quattro,61.0
Audi,Q5,2009.0,3.2 V6,60.2
Audi,Q5,2011.0,2.0 TDI Quattro,63.0
Audi,Q5,2012.0,2,60.6
Audi,Q5,2012.0,3.0 V6,60.8
Audi,Q5,2014.0,2,57.8
Audi,Q5,2014.0,2.0 TDI,60.6
Audi,Q5,2014.0,3.0 TDI,61.1
Audi,Q5,2016.0,2.0 TDI,61.5
Audi,Q5,2017.0,2.0 TDI,61.5
Audi,Q5,2017.0,2.0 TDI,61.5
Audi,Q5,2017.0,2.0 TFSI,58.5
Audi,Q5,2018.0,2.0 TDI,55.7
Audi,Q7,2010.0,3.0 TDI,63.2
Audi,Q7,2015.0,3.0 TDI,56.7
Audi,Q7,2016.0,3.0 TDI Hybrid,55.8
Audi,Q7,2017.0,SQ7,58.0
Audi,R8,2009.0,5.2 FSI Quattro R-Tronic,67.6
Audi,R8,2010.0,5.2 FSI,65.0
Audi,R8,2016.0,V10 Plus,67.5
Audi,R8,2017.0,5.2 V10,68.0
Audi,R8,2017.0,V10 Plus,68.0
Audi,RS4,2008.0,Cabrio,62.6
Audi,RS5,2012.0, ,58.9
Audi,RS5,2017.0, ,61.0
Audi,RS7,2017.0, ,60.0
Audi,S3,2014.0, ,61.0
Audi,S3,2017.0, ,64.5
Audi,S4,2009.0,3.0 TFSI Quattro,63.0
Audi,S5,2008.0, ,63.5
Audi,S8,2016.0, ,59.5
Audi,SQ5,2014.0,3.0 V6,58.4
Audi,SQ5,2016.0,3.0 V6,61.5
Audi,SQ5,2017.0, ,61.5
Audi,SQ7,2017.0, ,58.0
Audi,TT,2008.0,3.2,66.7
Audi,TT,2008.0,2.0 TFSI,64.5
Audi,TT,2009.0,RS 2.5 TFSI Quattro,68.2
Audi,TT,2014.0,2.0D,64.1
Audi,TT,2016.0,1.8 Cabrio,63.5
Audi,TT,2017.0,RS,65.5
Audi,TT,2017.0,RS Roadster,66.5
Audi,TT,2018.0,2.0 TDI,63.5
Audi,TT Roadster,2015.0,2.0 TDI,64.1
Audi,TTS,2008.0,2.0 TFSI,62.4
Audi,TTS,2016.0, ,65.0
Audi,TTS,2016.0,Cabrio,65.0
Bentley,Bentayga,2016.0,6.0 W12,57.5
Bentley,Bentayga,2017.0,4.0d,57.0
Bentley,Continental,2010.0,Supersports,63.0
Bentley,Continental GT,2012.0,V8,58.7
Bentley,Continental GT,2013.0,6.0 V12,61.3
BMW,1,2008.0,118d,64.9
BMW,1,2008.0,120d Coupe,57.7
BMW,1,2008.0,120i Cabrio,60.3
BMW,1,2008.0,125i Cabrio,65.8
BMW,1,2008.0,128i,62.8
BMW,1,2008.0,135i Cabrio,68.3
BMW,1,2008.0,135i Coupe,64.1
BMW,1,2009.0,135i Coupe,62.0
BMW,1,2010.0,118i,64.0
BMW,1,2010.0,118i Cabrio,63.1
BMW,1,2011.0,116i,64.5
BMW,1,2011.0,118d,62.6
BMW,1,2011.0,118i,60.7
BMW,1,2011.0,1M,66.8
BMW,1,2012.0,116i,61.5
BMW,1,2012.0,125d,60.1
BMW,1,2012.0,125i,62.5
BMW,1,2013.0,114i,62.3
BMW,1,2013.0,116d,61.1
BMW,1,2013.0,116i,61.2
BMW,1,2013.0,125d,60.6
BMW,1,2013.0,135i,60.7
BMW,1,2015.0,116i,61.8
BMW,1,2016.0,116i,60.5
BMW,1,2017.0,118i,60.0
BMW,1,2017.0,120i,59.9
BMW,1,2017.0,140i,64.0
BMW,1,2018.0,116d,61.8
BMW,2,2014.0,218i,62.2
BMW,2,2015.0,218D Gran Tourer,62.6
BMW,2,2015.0,220D Cabrio,61.6
BMW,2,2015.0,220i,62.5
BMW,2,2015.0,225i,63.1
BMW,2,2016.0,218i Active Tourer,63.0
BMW,2,2016.0,220d Gran Tourer,63.8
BMW,2,2017.0,216d,63.0
BMW,2,2018.0,216d Active Tourer,60.4
BMW,2,2018.0,216d GranTourer,60.3
BMW,2,2018.0,225xe Active Tourer,56.0
BMW,3,2008.0,318d,62.0
BMW,3,2008.0,320d,61.8
BMW,3,2008.0,320i,66.9
BMW,3,2008.0,325i,63.5
BMW,3,2009.0,325i Coupe,64.0
BMW,3,2009.0,330d,60.4
BMW,3,2009.0,335d,60.4
BMW,3,2009.0,335i Coupe,66.0
BMW,3,2010.0,325i Cabrio,64.5
BMW,3,2011.0,320d Stationcar,63.1
BMW,3,2011.0,320i Coupe,62.6
BMW,3,2012.0,320d,60.5
BMW,3,2012.0,320i,62.6
BMW,3,2012.0,328i,60.8
BMW,3,2012.0,328i,62.3
BMW,3,2013.0,320i,59.2
BMW,3,2014.0,320d,59.8
BMW,3,2014.0,320d Stationcar,59.1
BMW,3,2014.0,330d Stationcar,61.1
BMW,3,2015.0,316 Stationcar,61.6
BMW,3,2016.0,320d,59.9
BMW,3,2016.0,320i,61.2
BMW,3,2017.0,320d,61.5
BMW,3,2018.0,318i,58.2
BMW,4,2014.0,428i,59.1
BMW,4,2016.0,430i,60.0
BMW,4,2017.0,430i Gran Coupe,61.0
BMW,5,2008.0,530d,60.1
BMW,5,2008.0,535i,57.6
BMW,5,2009.0,530d GT,60.5
BMW,5,2010.0,523i,60.0
BMW,5,2010.0,530d,61.1
BMW,5,2010.0,535i GT,60.7
BMW,5,2010.0,550i GT,56.8
BMW,5,2011.0,520d Stationcar,61.5
BMW,5,2011.0,530d,61.1
BMW,5,2011.0,535i,62.1
BMW,5,2011.0,535i Stationcar,59.2
BMW,5,2012.0,535i,57.8
BMW,5,2012.0,ActiveHybrid,58.4
BMW,5,2012.0,ActiveHybrid,58.4
BMW,5,2015.0,520i Stationcar,63.1
BMW,5,2015.0,530d,59.1
BMW,5,2016.0,520d,60.5
BMW,5,2016.0,520d Stationcar,61.5
BMW,5,2016.0,530d,60.5
BMW,5,2016.0,535d,60.5
BMW,5,2017.0,530d,59.0
BMW,5,2017.0,530d stationcar,59.5
BMW,5,2017.0,530i,58.5
BMW,5,2017.0,530i stationcar,57.5
BMW,5,2017.0,540i,60.0
BMW,5,2018.0,520d,58.7
BMW,5,2018.0,520d Stationcar,58.2
BMW,6,2012.0,640i Gran Coupe,58.9
BMW,6,2012.0,650i,60.0
BMW,6,2012.0,650i,61.7
BMW,7,2009.0,730d,60.1
BMW,7,2009.0,750i,61.6
BMW,7,2010.0,740d,60.0
BMW,7,2010.0,750iL,61.2
BMW,7,2011.0,740i,59.3
BMW,7,2013.0,750i,58.6
BMW,7,2014.0,730d,58.6
BMW,7,2016.0,730d,57.7
BMW,7,2017.0,760i,59.0
BMW,i3,2014.0, ,59.8
BMW,i3,2017.0, ,58.9
BMW,i3,2018.0,0.6,55.3
BMW,i8,2014.0, ,62.6
BMW,M2,2016.0, ,64.5
BMW,M2,2017.0, ,65.5
BMW,M3,2008.0, ,67.3
BMW,M3,2008.0,Cabrio,68.6
BMW,M3,2013.0, ,64.7
BMW,M3,2014.0, ,64.6
BMW,M3,2017.0, ,65.5
BMW,M4,2017.0, ,67.0
BMW,M4,2017.0,CS,66.5
BMW,M5,2012.0, ,62.8
BMW,M6,2012.0,Cabrio,61.3
BMW,M6,2017.0, ,63.0
BMW,X1,2011.0,xDrive 20d,62.4
BMW,X1,2011.0,Xdrive 28i,60.7
BMW,X1,2013.0,xDrive 30i,60.9
BMW,X1,2015.0,xDrive 28i,62.6
BMW,X1,2016.0,xDrive 20d,61.7
BMW,X1,2017.0,sDrive18i,60.5
BMW,X1,2018.0,sDrive18d,60.8
BMW,X3,2008.0,xDrive 30i,59.7
BMW,X3,2008.0,xDrive 35d,61.3
BMW,X3,2011.0,xDrive 20d,62.1
BMW,X3,2011.0,xDrive 35i,60.5
BMW,X3,2014.0,xDrive 20d,60.6
BMW,X3,2016.0,xDrive 20d,62.8
BMW,X3,2016.0,xDrive 35d,60.0
BMW,X3,2017.0,xDrive20d,61.0
BMW,X3,2018.0,xDrive20d,57.8
BMW,X4,2014.0,xDrive 35d,60.7
BMW,X4,2015.0,xDrive 35i,61.8
BMW,X4,2016.0,xDrive 30d,60.5
BMW,X4,2018.0,xDrive20d,59.5
BMW,X5,2010.0,M,57.6
BMW,X5,2010.0,xDrive 30d,62.7
BMW,X5,2012.0,xDrive 30d,60.1
BMW,X5,2012.0,xDrive 30d,60.4
BMW,X5,2013.0,xDrive 30d,58.0
BMW,X5,2014.0,3.0 V6,57.2
BMW,X5,2014.0,xDrive 30d,60.1
BMW,X5,2014.0,xDrive 50i,58.2
BMW,X5,2015.0,xDrive 30d,60.1
BMW,X5,2016.0,xDrive40e,56.9
BMW,X6,2008.0,xDrive 35i,62.0
BMW,X6,2009.0,xDrive 35d,61.4
BMW,X6,2016.0,xDrive 35i,62.7
BMW,Z4,2009.0,sDrive 35i,64.7
BMW,Z4,2011.0,sDrive 35is,65.8
Buick,Cascada,2016.0,1.6 cabrio,64.7
Buick,Enclave,2008.0,3.6 V6,62.4
Buick,Enclave,2012.0,3.6 V6,58.7
Buick,Enclave,2016.0,3.6 V6,58.3
Buick,LaCrosse,2010.0,CXS,63.4
Buick,LaCrosse,2013.0,3.6 V6,56.6
Buick,Regal,2011.0,CXL 2.4,61.3
Buick,Verano,2012.0,2.4,60.8
Buick,Verano,2012.0,Turbo,57.6
Cadillac,ATS,2012.0,Turbo,61.0
Cadillac,ATS,2013.0,2,60.7
Cadillac,ATX,2012.0,3.6 V6,59.2
Cadillac,BLS,2008.0,1.9d Stationcar,61.7
Cadillac,CTS,2008.0,3.6,63.0
Cadillac,CTS,2008.0,3.6 V6,62.7
Cadillac,CTS,2010.0,Stationcar,56.2
Cadillac,CTS,2011.0,3.6 Stationcar,62.1
Cadillac,CTS,2012.0,3.6,60.1
Cadillac,CTS,2013.0,3.6 V6,59.8
Cadillac,CTS,2015.0,3.6 V6,61.6
Cadillac,CTS,2016.0,2,60.1
Cadillac,CTS Coupe,2011.0,3.6 V6,63.3
Cadillac,CTS-V,2010.0,Hennessey,69.2
Cadillac,CTS-V,2011.0,Stationcar,63.7
Cadillac,CTS-V,2012.0,6.2 V8,63.0
Cadillac,CTS-V,2017.0, ,63.5
Cadillac,Escalade,2009.0,Hybrid,64.9
Cadillac,Escalade,2016.0,6.2 V8,60.7
Cadillac,SRX,2010.0,2.8 V6 Turbo,63.0
Cadillac,SRX,2010.0,3.0 V6,63.9
Cadillac,XT5,2017.0,3.6 V6,59.5
Chevrolet,Aveo,2008.0,1.2,68.0
Chevrolet,Aveo,2011.0,1.4 LT,64.6
Chevrolet,Camaro,2010.0,2LT V6,58.1
Chevrolet,Camaro,2010.0,Callaway,68.7
Chevrolet,Camaro,2010.0,SS,65.1
Chevrolet,Camaro,2011.0,SS Cabrio,64.9
Chevrolet,Camaro,2011.0,ZL1,70.7
Chevrolet,Camaro,2012.0,6.2 V8,65.5
Chevrolet,Camaro,2016.0,6.2 V8,65.5
Chevrolet,Camaro,2017.0,6.2 V8,64.5
Chevrolet,Captiva,2008.0,2.0 VCDI,63.8
Chevrolet,Cobalt,2008.0,SS,66.5
Chevrolet,Cobalt,2009.0,2.2,65.6
Chevrolet,Corvette,2008.0, ,69.0
Chevrolet,Corvette,2009.0,ZR1,70.2
Chevrolet,Corvette,2010.0,6.2 V8,62.1
Chevrolet,Corvette,2010.0,ZR1,71.9
Chevrolet,Corvette,2011.0,6.2 V8,75.1
Chevrolet,Corvette,2012.0,ZR1,65.1
Chevrolet,Corvette,2013.0,Stingray,68.1
Chevrolet,Corvette,2016.0,6.2 V8 Convertible,66.5
Chevrolet,Corvette,2017.0,Stingray 6.2 V8,67.5
Chevrolet,Cruze,2009.0,1.8 LT,63.4
Chevrolet,Cruze,2012.0,1.8,62.3
Chevrolet,Cruze,2012.0,1.4 turbo,63.8
Chevrolet,Equinox,2008.0,Fuel Cell,62.8
Chevrolet,Equinox,2010.0,LT2,58.4
Chevrolet,HHR,2008.0,2.4,65.0
Chevrolet,Impala,2013.0,2.5,57.7
Chevrolet,Lacetti,2008.0,2.0 TCDI,60.9
Chevrolet,Malibu,2008.0,3.6 V6,61.6
Chevrolet,Malibu,2012.0,2.4,60.8
Chevrolet,Malibu,2016.0,1.5,62.9
Chevrolet,Orlando,2011.0,1.8 LTZ,61.2
Chevrolet,Silverado,2009.0,Hybrid,63.8
Chevrolet,Silverado,2016.0,5.3 V8,61.7
Chevrolet,Sonic,2012.0,1.4,62.8
Chevrolet,SS,2014.0,6.2 V8,61.3
Chevrolet,Suburban,2016.0,5.3 V8,61.1
Chevrolet,Tahoe,2008.0,Hybrid,61.3
Chevrolet,Tahoe,2013.0,5.3 V8,60.5
Chevrolet,Tahoe,2014.0,5.3 V8,56.5
Chevrolet,Traverse,2009.0,3.6 V6,60.7
Chevrolet,Volt,2011.0,electric mode,61.3
Chevrolet,Volt,2011.0,petrol mode,68.7
Chevrolet,Volt,2012.0, ,62.5
Chrysler,200,2011.0, ,60.5
Chrysler,300,2011.0, ,57.3
Chrysler,Grand Voyager,2008.0,2.8 CRD,63.7
Chrysler,Grand Voyager,2008.0,3.8 V6,65.3
Chrysler,Sebring,2008.0,3.5 V6,61.6
Chrysler,Town and Country,2014.0,3.6 V6,59.8
Citroen,Berlingo,2008.0,1.6 16V,66.1
Citroen,Berlingo,2018.0,1.6d,63.2
Citroen,C1,2008.0,1,70.7
Citroen,C1,2009.0,1,68.4
Citroen,C1,2009.0,1,67.0
Citroen,C1,2012.0,1,67.0
Citroen,C1,2013.0,1,66.7
Citroen,C3,2009.0,1.4 VTI Picasso,63.5
Citroen,C3,2010.0,1.4 VTI,63.2
Citroen,C3,2013.0,1.6 Picasso,64.7
Citroen,C3,2017.0,1.2,61.2
Citroen,C3,2017.0,1.2 Aircross,62.8
Citroen,C3,2017.0,1.6d,64.0
Citroen,C3,2018.0,1.2,58.8
Citroen,C3,2018.0,1.6d,59.8
Citroen,C3 Aircross,2018.0,1.2,59.2
Citroen,C3 Aircross,2018.0,1.6d,61.8
Citroen,C4,2008.0,1.6 16V Coupe,65.5
Citroen,C4,2008.0,1.6 THP,61.8
Citroen,C4,2008.0,2.0 HDiF,57.6
Citroen,C4,2009.0,1.6 VTI,64.8
Citroen,C4,2009.0,1.6 VTI Picasso,63.9
Citroen,C4,2010.0,1.6 VTI,63.3
Citroen,C4,2011.0,1.6 e-HDI,62.6
Citroen,C4,2011.0,1.6 THP Picasso,62.1
Citroen,C4,2012.0,1.6 Aircross,63.7
Citroen,C4,2012.0,1.6 Picasso,63.9
Citroen,C4,2013.0,1.6 Picasso,60.7
Citroen,C4,2014.0,Cactus 1.2,63.0
Citroen,C4,2015.0,2.0 HDi Grand Picasso,62.1
Citroen,C4,2018.0,1.2 SpaceTourer,57.5
Citroen,C4,2018.0,1.6d SpaceTourer,60.0
Citroen,C4 Cactus,2018.0,1.2,57.7
Citroen,C4 Picasso,2017.0,1.2 Picasso,58.7
Citroen,C5,2008.0,2.0 HDiF,58.3
Citroen,C5,2008.0,2.0 HDiF Stationcar,61.5
Citroen,C5,2008.0,2.0 Stationcar,62.2
Citroen,C5,2008.0,2.7 V6 HDiF,66.0
Citroen,C5,2009.0,2,64.3
Citroen,C5,2010.0,3.0 HDiF,62.5
Citroen,C5,2011.0,1.6 THP Tourer,61.8
Citroen,C6,2008.0,3,60.1
Citroen,C6,2008.0,2.7 HDiF,60.7
Citroen,C-Crosser,2008.0,2.2 HDiF,62.7
Citroen,C-Zero,2011.0, ,63.7
Citroen,DS3,2010.0,1.6 VTI,65.4
Citroen,DS4,2011.0,1.6,62.8
Citroen,DS4,2011.0,1.6 THP 200,61.7
Citroen,DS4,2011.0,VTi,62.8
Citroen,DS5,2012.0,HDI,62.6
Dacia,Duster,2010.0,1.6,68.1
Dacia,Duster,2012.0,1.6 16v,66.6
Dacia,Duster,2014.0,1.2,63.5
Dacia,Duster,2015.0,1.2,64.6
Dacia,Duster,2018.0,1.2,58.5
Dacia,Duster,2018.0,1.5d,62.6
Dacia,Lodgy,2013.0,1.2,65.2
Dacia,Logan,2008.0,1.6,66.5
Dacia,Logan,2008.0,1.4 MPI,68.0
Dacia,Logan,2009.0,1.6,66.8
Dacia,Sandero,2008.0,1.6,66.6
Dacia,Sandero,2010.0,1.2 16V,67.3
Dacia,Sandero,2013.0,0.9,62.1
Dacia,Sandero,2018.0,1,62.1
Daihatsu,Cuore,2009.0,1,66.8
Daihatsu,Materia,2008.0,1.3,64.7
Daihatsu,Sirion,2008.0,1,65.7
Daihatsu,Sirion2,2008.0,1,69.7
Dodge,Avenger,2008.0,2,63.3
Dodge,Caliber,2008.0,2.4,65.0
Dodge,Caliber,2008.0,SRT-4,64.4
Dodge,Challenger,2008.0,SRT8,66.5
Dodge,Challenger,2011.0,SRT8,64.5
Dodge,Challenger,2016.0,5.7 V8,65.1
Dodge,Charger,2012.0,SRT8,62.0
Dodge,Dart,2012.0,1.4 turbo,59.4
Dodge,Journey,2008.0,2.4,61.2
Dodge,Journey,2016.0,3.6 V6,63.0
Dodge,Ram,2009.0,1500,61.6
Dodge,Ram,2010.0,5.7 V8,52.6
Dodge,Ram,2012.0,3.6 V6,57.9
Dodge,Ram,2013.0,1500 3.6 V6,59.4
Dodge,Viper,2008.0,SRT-10,73.3
Dodge,Viper,2013.0,8.4 V10,72.3
DS,3,2018.0,1.2,59.5
DS,3,2018.0,1.6d,62.3
DS,4,2016.0,1.6D,60.8
DS,5,2015.0, ,61.8
DS,5,2018.0,2.0d,62.1
Fiat,124,2016.0,1.4,69.0
Fiat,124,2018.0,Spider,63.9
Fiat,500,2008.0,1.4,65.8
Fiat,500,2009.0,1.2,66.2
Fiat,500,2011.0,1.4,63.5
Fiat,500,2011.0,0.9 TwinAir Plus,64.5
Fiat,500,2012.0, ,63.5
Fiat,500,2012.0,Abarth,66.7
Fiat,500,2015.0, ,65.1
Fiat,500 C,2013.0,0.9,65.0
Fiat,500 L,2013.0,0.9,65.5
Fiat,500 L,2013.0,1.3,63.2
Fiat,500L,2018.0,1.3,61.0
Fiat,500X,2015.0,1.4,62.4
Fiat,500X,2018.0,1.6,61.2
Fiat,Bravo,2008.0,1.4,63.1
Fiat,Bravo,2009.0,2.0 MultiJet,65.4
Fiat,Doblo,2011.0,1.4,65.0
Fiat,Grande Punto,2011.0,1.3 MultiJet 16v,64.1
Fiat,Panda,2008.0,1.2,70.2
Fiat,Panda,2012.0,0.9,66.1
Fiat,Panda,2013.0,0.9,65.5
Fiat,Panda,2018.0,0.9,62.6
Fiat,Panda,2018.0,1.2,61.4
Fiat,Punto,2012.0,0.9,61.9
Fiat,Punto Evo,2010.0,1.4,64.5
Fiat,Punto Evo,2010.0,1.3D,62.5
Fiat,Punto Evo,2010.0,1.4 MultiAir,64.6
Fiat,Punto Evo,2011.0,1.3 MultiJet 16v,64.8
Fiat,Qubo,2009.0,1.4,65.5
Fiat,Sedici,2008.0,1.6,64.5
Fiat,Sedici,2010.0,1.6,64.2
Fiat,Tipo,2017.0,1.6d,61.1
Fiat,Tipo,2018.0,1.4,59.2
Ford,B-Max,2012.0,1,61.8
Ford,B-Max,2018.0,1,60.2
Ford,C-Max,2011.0,1.6 Ecoboost,62.5
Ford,C-Max,2011.0,1.6 TDCI,62.8
Ford,C-Max,2011.0,2.0 TDCI,63.1
Ford,C-Max,2012.0,Hybrid,59.1
Ford,C-Max,2014.0,1.6,61.7
Ford,C-Max,2016.0,1,61.5
Ford,EcoSport,2014.0,1,70.0
Ford,EcoSport,2014.0,1,60.5
Ford,Edge,2011.0, ,64.6
Ford,Edge,2016.0,2.0D,58.3
Ford,Escape,2008.0,3.0 V6,63.9
Ford,Expedition,2008.0,5.4 V8,63.6
Ford,Explorer,2011.0,3.5 V6,60.1
Ford,F-150,2009.0,5.4 V8,62.1
Ford,F-150,2010.0,SVT Raptor,55.5
Ford,F-150,2011.0, ,60.0
Ford,F-150,2013.0,3.7 V6,60.3
Ford,F-150,2016.0,3.5 V6,60.6
Ford,F-450,2008.0,6.4 V8,64.6
Ford,Fiesta,2008.0,1.4,64.2
Ford,Fiesta,2008.0,1.6 TDCI,65.8
Ford,Fiesta,2009.0,1.25,66.1
Ford,Fiesta,2009.0,1.6,64.6
Ford,Fiesta,2010.0,1.25,65.3
Ford,Fiesta,2011.0,1.6,61.6
Ford,Fiesta,2013.0,1,61.9
Ford,Fiesta,2013.0,ST,64.7
Ford,Fiesta,2014.0,1.6,61.4
Ford,Fiesta,2016.0,1,62.8
Ford,Fiesta,2016.0,ST,65.0
Ford,Fiesta,2017.0,1,62.5
Ford,Fiesta,2018.0,1.1,57.5
Ford,Fiesta,2018.0,1.5d,59.7
Ford,Flex,2009.0,3.5 V6,62.0
Ford,Focus,2008.0,2,66.1
Ford,Focus,2008.0,1.6 TDCI,64.8
Ford,Focus,2008.0,2.0 Coupe-Cabrio,66.0
Ford,Focus,2008.0,Econetic,65.2
Ford,Focus,2008.0,ST,63.5
Ford,Focus,2009.0,1.8,62.8
Ford,Focus,2009.0,RS,63.6
Ford,Focus,2009.0,ST,63.5
Ford,Focus,2010.0,1.8,65.9
Ford,Focus,2010.0,1.6 Coupe Cabrio,63.9
Ford,Focus,2011.0,1.6,61.6
Ford,Focus,2011.0,1.6,61.1
Ford,Focus,2011.0,1.6 TDCI,63.9
Ford,Focus,2012.0,1,61.5
Ford,Focus,2012.0,1.6 Stationcar,61.5
Ford,Focus,2012.0,1.6 TDCI,62.7
Ford,Focus,2012.0,ST,60.9
Ford,Focus,2013.0,1,62.9
Ford,Focus,2013.0,1.0 Stationcar,60.6
Ford,Focus,2014.0,1,64.3
Ford,Focus,2015.0,1,62.3
Ford,Focus,2016.0,1,62.5
Ford,Focus,2016.0,2.0D,62.5
Ford,Focus,2016.0,RS,64.0
Ford,Focus,2016.0,ST,62.2
Ford,Focus,2017.0,1,62.0
Ford,Focus,2018.0,1.5d,62.1
Ford,Fusion,2010.0,Hybrid,59.7
Ford,Fusion,2012.0,2,59.4
Ford,Fusion,2012.0,Hybrid,57.1
Ford,Fusion,2013.0,Hybrid,58.1
Ford,Galaxy,2008.0,2.3,62.7
Ford,Grand C-Max,2012.0,1.6,62.3
Ford,Ka,2008.0,1.3,68.1
Ford,Ka,2009.0,1.2,64.9
Ford,Ka,2013.0,1.2,66.3
Ford,Ka,2017.0,1.2,64.0
Ford,Kuga,2008.0,2.0 TDCI,65.1
Ford,Kuga,2010.0,2.0 TDCI,63.0
Ford,Kuga,2013.0,1.6,58.4
Ford,Kuga,2015.0,1.5,59.8
Ford,Kuga,2018.0,1.5d,61.1
Ford,Mondeo,2008.0,2.3,62.1
Ford,Mondeo,2008.0,2.0 16V Stationcar,63.0
Ford,Mondeo,2009.0,2.5T,65.0
Ford,Mondeo,2011.0,1.6 TDCI Stationcar,62.1
Ford,Mondeo,2011.0,2.2 TDCI,61.5
Ford,Mondeo,2012.0,1.6 TDCI,62.8
Ford,Mondeo,2014.0,1.6,59.0
Ford,Mondeo,2015.0,2.0D Stationcar,61.4
Ford,Mondeo,2017.0,1.5,58.5
Ford,Mondeo,2017.0,2.0d,62.0
Ford,Mustang,2008.0,Bullit,66.4
Ford,Mustang,2008.0,GT 500,68.2
Ford,Mustang,2011.0,3.7 V6,66.4
Ford,Mustang,2011.0,GT 5.0 V8,64.8
Ford,Mustang,2011.0,Shelby GT500,69.2
Ford,Mustang,2013.0,3.7 V6,62.4
Ford,Mustang,2016.0,5.0 V8,66.0
Ford,Shelby,2014.0,GT500,66.8
Ford,S-Max,2008.0,2.2 TDCI,62.7
Ford,S-Max,2010.0,2.0 TDCI,60.1
Ford,S-Max,2015.0,2,60.1
Ford,S-Max,2016.0,2.0D,60.0
Ford,Taurus,2010.0,3.5 V6,63.1
Ford,Taurus,2016.0,3.5 V6,62.5
Ford,Ka,2009.0,1.2,68.9
Ford,Mustang,2013.0,Shelby GT500,66.8
Genesis,G80,2016.0,3.8 V6,61.4
GMC,Sierra,2013.0,5.3 V8,57.4
GMC,Sierra,2016.0,4.6 V6,58.1
GMC,Terrain,2010.0,3.0 V6,56.4
GMC,Yukon,2016.0,6.2 V8,61.3
Honda,Accord,2008.0,2,60.7
Honda,Accord,2008.0,2.2 I-DTEC,65.0
Honda,Accord,2008.0,3.5 V6,61.6
Honda,Accord,2009.0,2.2 I-DTEC Stationcar,64.3
Honda,Accord,2009.0,2.4 Stationcar,61.7
Honda,Accord,2010.0,Crosstour,57.6
Honda,Accord,2011.0,2.4,59.3
Honda,Accord,2012.0,2,61.8
Honda,Accord,2012.0,2.4,57.6
Honda,Accord,2012.0,3.5 V6,63.9
Honda,Accord,2012.0,3.5V6,57.3
Honda,Accord,2013.0,2.4,59.2
Honda,Accord,2013.0,2.0 Stationcar,61.9
Honda,Accord,2014.0,Hybrid,58.4
Honda,Civic,2008.0,1.3 Hybrid,63.0
Honda,Civic,2010.0,1.3,63.2
Honda,Civic,2010.0,Hybrid,65.1
Honda,Civic,2011.0,Hybrid,61.9
Honda,Civic,2012.0,1.8,64.1
Honda,Civic,2012.0,Si,62.5
Honda,Civic,2014.0,1.8,61.3
Honda,Civic,2014.0,1.6 Stationcar,61.7
Honda,Civic,2017.0,1,62.0
Honda,CR-V,2008.0,2,62.7
Honda,CR-V,2012.0,2.4,60.1
Honda,CR-V,2013.0,2,64.3
Honda,CR-V,2014.0, ,61.7
Honda,CR-V,2015.0,1.6,60.8
Honda,CR-Z,2011.0, ,62.9
Honda,Fit,2009.0,1.5,64.7
Honda,HR-V,2016.0,1.5,60.6
Honda,HR-V,2017.0,1.5,63.0
Honda,HR-V,2017.0,1.6D,62.0
Honda,Insight,2009.0,1.3,62.9
Honda,Insight,2010.0,EX,63.9
Honda,Insight,2012.0,1.3,62.7
Honda,Jazz,2009.0,1.2,61.7
Honda,Jazz,2010.0,1.2,62.3
Honda,Jazz,2011.0,1.3 Hybrid,63.8
Honda,Jazz,2016.0,1.3,64.3
Honda,Legend,2009.0,3.7 V6,59.0
Honda,NSX,2017.0,3.5 V6,66.0
Honda,Odyssey,2011.0,3.5 V6,62.5
Honda,Pilot,2009.0,3.5 V6,62.9
Hummer,H3,2008.0,5.3 V8,65.2
Hyundai,Accent,2012.0,1.6,61.0
Hyundai,Azera,2012.0,3.3,57.9
Hyundai,Coupe,2008.0,2.7 V6,64.8
Hyundai,Elantra,2009.0,Stationcar,59.6
Hyundai,Equues,2011.0,4.6 V8,57.0
Hyundai,Genesis,2009.0,3.8 V6,58.7
Hyundai,Genesis,2010.0, ,66.6
Hyundai,Genesis,2010.0,Coupe,62.0
Hyundai,Genesis,2011.0,3.8 V6,66.2
Hyundai,Genesis,2012.0,5,59.0
Hyundai,Genesis,2012.0,Coupe,61.4
Hyundai,Genesis,2013.0,3.8 V6,61.4
Hyundai,i10,2008.0,1.1,68.2
Hyundai,i10,2011.0,1.2,65.6
Hyundai,i10,2013.0,1,63.4
Hyundai,i10,2014.0,1,63.4
Hyundai,i10,2016.0,1,62.5
Hyundai,i20,2008.0,1.1,65.0
Hyundai,i20,2009.0,1.2,66.8
Hyundai,i20,2009.0,1.4,66.9
Hyundai,i20,2010.0,1.2,66.1
Hyundai,i20,2012.0,1.2,66.2
Hyundai,i20,2015.0,1.2,63.6
Hyundai,i20,2016.0,1,63.5
Hyundai,i20,2017.0,1,62.5
Hyundai,i30,2008.0,2,63.8
Hyundai,i30,2010.0,1.4,64.6
Hyundai,i30,2012.0,1.6,64.2
Hyundai,i30,2012.0,1.6,63.1
Hyundai,i30,2012.0,1.6 GDi,64.2
Hyundai,i30,2013.0,1.6,61.5
Hyundai,i30,2017.0,1,60.8
Hyundai,i30,2017.0,1.4,60.5
Hyundai,i30,2017.0,1.4 stationcar,60.2
Hyundai,i40,2011.0,1.6 GDI,60.6
Hyundai,i40,2011.0,1.6 Stationcar,62.7
Hyundai,i40,2012.0,1.7 CRDI,64.3
Hyundai,i40,2013.0,1.6 Stationcar,60.6
Hyundai,i40,2015.0,1.7 D,63.1
Hyundai,Ioniq,2016.0,1.6 Hybrid,60.2
Hyundai,Ioniq,2017.0,EV,59.8
Hyundai,Ioniq,2018.0,1.6,56.8
Hyundai,ix20,2011.0,1.4 CRD,65.0
Hyundai,ix20,2011.0,1.4 CRDI,65.0
Hyundai,IX35,2010.0,2.0 CRDI,62.9
Hyundai,IX35,2012.0,1.6 GDI,62.6
Hyundai,Kona,2018.0,1,56.7
Hyundai,Santa Fe,2010.0,2.2 CRDI,61.1
Hyundai,Sonata,2009.0,2,62.8
Hyundai,Sonata,2011.0,2.4,62.3
Hyundai,Sonata,2011.0,2.0T,57.2
Hyundai,Sonata,2011.0,Hybrid,57.9
Hyundai,Tucson,2010.0,2.4,62.8
Hyundai,Tucson,2014.0,2.4,60.7
Hyundai,Tucson,2015.0,1.6,59.9
Hyundai,Tucson,2016.0,1.6,60.5
Hyundai,Tucson,2016.0,2.0D,63.0
Hyundai,Tucson,2018.0,1.7d,59.2
Hyundai,Velostar,2011.0,1.6,63.3
Hyundai,Veloster,2011.0,I-Catcher 1.6,63.4
Hyundai,Veloster,2012.0,1.6,60.9
Infinity,EX,2008.0,35,63.5
Infinity,EX,2009.0,37,61.0
Infinity,FX,2009.0,50,65.8
Infinity,G,2008.0,37,62.1
Infinity,G,2009.0,37,61.9
Infinity,G,2009.0,37S Coupe,64.0
Infinity,G,2010.0,37 Cabrio,60.6
Infinity,G,2011.0,25,60.7
Infinity,JX,2012.0,35,58.8
Infinity,M,2011.0,37,63.4
Infinity,M,2011.0,30D,61.3
Infinity,M,2011.0,37S,63.8
Infinity,M,2011.0,56S,61.2
Infinity,M,2012.0,35H,57.2
Infinity,M,2012.0,35H,59.8
Infinity,Q,2013.0,50,57.8
Infinity,Q,2014.0,50,60.4
Infinity,Q,2015.0,70,60.0
Infinity,Q30,2016.0,2,60.5
Infinity,Q30,2016.0,1.5D,61.3
Infinity,QX,2011.0,56,61.5
Infinity,QX,2013.0,60,58.0
Infinity,QX50,2016.0,3.7 V6,60.6
Jaguar,E-Pace,2018.0,2.0d,59.0
Jaguar,F-Pace,2016.0,3.0 V6,62.0
Jaguar,F-Pace,2016.0,3.0D,61.5
Jaguar,F-Pace,2017.0,2.0d,58.6
Jaguar,F-Type,2014.0,5.0 V8,61.0
Jaguar,F-Type,2017.0,5.0 V8,65.0
Jaguar,XE,2015.0,2.0D,63.1
Jaguar,XE,2016.0,2.0D,60.6
Jaguar,XE,2016.0,3.0D,61.0
Jaguar,XF,2008.0,2.7d,60.1
Jaguar,XF,2008.0,3.0 V6,62.4
Jaguar,XF,2009.0,3.0D S,61.2
Jaguar,XF,2010.0,3.0 V6,62.8
Jaguar,XF,2011.0,2.2 D,60.8
Jaguar,XF,2011.0,2.2D,60.8
Jaguar,XF,2016.0,2,63.0
Jaguar,XF,2016.0,3.0D,60.7
Jaguar,XF,2017.0,2.0d,58.3
Jaguar,XFR,2010.0,5.0 V8 Supercharged,62.9
Jaguar,XF-S,2009.0, ,63.6
Jaguar,XJ,2010.0,3.0D V6,61.5
Jaguar,XJ,2010.0,5.0 V8 LWB,61.0
Jaguar,XJ,2014.0,5.0 V8,56.5
Jaguar,XK,2008.0,3.5 V6,60.9
Jaguar,XK,2011.0,5.0 V8 Convertible,62.7
Jaguar,XKR-S,2012.0,5.0 V8,63.4
Jaguar,X-type,2008.0,2.2D,61.6
Jeep,Cherokee,2014.0,2,62.8
Jeep,Compass,2011.0,2.4,63.9
Jeep,Compass,2018.0,1.6,60.0
Jeep,Grand Cherokee,2008.0,CRD,63.4
Jeep,Grand Cherokee,2008.0,Hennessey,67.9
Jeep,Grand Cherokee,2011.0,3.6 V6,61.8
Jeep,Grand Cherokee,2012.0,SRT8,61.9
Jeep,Grand Cherokee,2014.0,3.6 V6,61.0
Jeep,Renegade,2015.0,1.4,60.1
Jeep,Renegade,2018.0,1.4,59.5
Jeep,Renegade,2018.0,1.6d,61.5
Jeep,Wrangler,2008.0,3.8 V6,64.4
Jeep,Wrangler,2012.0,3.6 V6,64.5
Kia,Carens,2008.0,2,62.4
Kia,Carens,2013.0,2,62.0
Kia,Cee'd,2008.0,1.4,65.0
Kia,Cee'd,2008.0,1.6,64.3
Kia,Cee'd,2008.0,2,64.4
Kia,Cee'd,2008.0,1.6 Stationcar,64.6
Kia,Cee'd,2008.0,2.0 Stationcar,63.4
Kia,Cee'd,2009.0,1.4 Stationcar,63.8
Kia,Cee'd,2010.0,1.6,63.2
Kia,Cee'd,2012.0,1.6,63.4
Kia,Cee'd,2014.0,1.6,64.7
Kia,Cee'd,2016.0,1,61.2
Kia,Cee'd,2016.0,1.0 Stationcar,58.6
Kia,Forte,2010.0,SX,58.5
Kia,Niro,2016.0,1.6,60.5
Kia,Niro,2018.0,1.6,54.2
Kia,Optima,2011.0,Hybrid,61.4
Kia,Optima,2011.0,SX Turbo,59.9
Kia,Optima,2012.0,1.7D,63.6
Kia,Optima,2013.0,2.0 Hybrid,61.0
Kia,Optima,2016.0,1.7D,60.2
Kia,Optima,2017.0,2,57.8
Kia,Optima,2017.0,1.7d,61.0
Kia,Picanto,2008.0,1.1,67.0
Kia,Picanto,2011.0,1,65.0
Kia,Picanto,2012.0,1.2,64.2
Kia,Picanto,2013.0,1,63.3
Kia,Picanto,2018.0,1,59.3
Kia,Pro Cee'd,2014.0,GT,62.2
Kia,Pro_CEE'D,2013.0,1.6,63.6
Kia,Rio,2011.0,1.2,66.7
Kia,Rio,2011.0,1.2,61.2
Kia,Rio,2012.0,1.2,66.2
Kia,Rio,2017.0,1,61.7
Kia,Sorento,2010.0,2.4,62.3
Kia,Sorento,2011.0,EX V6,54.0
Kia,Sorento,2011.0,V6,54.0
Kia,Soul,2009.0,1.6,63.4
Kia,Soul,2009.0, ,66.0
Kia,Soul,2010.0, ,64.4
Kia,Soul,2015.0,1.6,62.6
Kia,Soul,2017.0,EV,60.2
Kia,Sportage,2010.0,2,63.7
Kia,Sportage,2011.0,2.4,65.0
Kia,Sportage,2012.0,1.6,63.6
Kia,Sportage,2012.0,1.6,65.5
Kia,Sportage,2012.0,1.6,65.3
Kia,Sportage,2016.0,1.6,59.8
Kia,Sportage,2018.0,1.7d,59.8
Kia,Stonic,2017.0,1,61.3
Kia,Stonic,2018.0,1,57.8
Kia,Venga,2010.0,1.4,66.5
Kia,Venga,2010.0,1.4,62.5
Lancia,Delta,2008.0,1.4,66.8
Lancia,Delta,2009.0,1.9D,61.7
Lancia,Delta,2010.0,1.8,63.7
Lancia,Delta,2011.0,1.4,61.4
Lancia,Thema,2012.0,3.6 V6,58.5
Lancia,Ypsilon,2011.0,0.9,62.7
Lancia,Ypsilon,2011.0,0.9,65.3
Lancia,Ypsilon,2013.0,0.9,62.7
Land Rover,Discovery,2010.0,3.0 TD V6,63.2
Land Rover,Discovery,2015.0,2.2,59.9
Land Rover,Discovery,2016.0,2.0D,63.8
Land Rover,Discovery,2017.0,2.0d,64.0
Land Rover,Discovery,2018.0,2.0d,57.0
Land Rover,Discovery Sport,2017.0,2,57.5
Land Rover,Freelander,2008.0,2.2D,63.0
Land Rover,Freelander,2008.0,TD4,62.1
Land Rover,Freelander,2009.0,TD4,61.5
Land Rover,Freelander,2011.0,2.2D,63.0
Lexus,CT,2011.0,200h,62.8
Lexus,CT,2012.0,200h,61.3
Lexus,CT,2014.0,200h,60.7
Lexus,CT,2018.0,200h,59.8
Lexus,ES,2012.0,300h,56.6
Lexus,GS,2009.0,480h,59.8
Lexus,GS,2012.0,350F,58.7
Lexus,GS,2012.0,450h,57.2
Lexus,GS,2014.0,300h,53.4
Lexus,GS,2017.0,450h,59.0
Lexus,GX,2010.0,460,60.8
Lexus,HS,2010.0,250h,60.3
Lexus,IS,2008.0,250,64.0
Lexus,IS,2008.0,F,63.1
Lexus,IS,2010.0,250C,63.1
Lexus,IS,2010.0,250C,61.2
Lexus,IS,2010.0,350C,62.4
Lexus,IS,2013.0,250h,59.8
Lexus,IS,2013.0,300h,60.0
Lexus,IS,2018.0,300h,58.5
Lexus,LS,2008.0,600h,54.8
Lexus,LS,2009.0,600h L,60.2
Lexus,LS,2010.0,600h L,58.1
Lexus,LS,2013.0,600h,54.9
Lexus,LS,2016.0,600h,56.5
Lexus,NX,2014.0,300h,57.8
Lexus,NX,2018.0,300h,54.3
Lexus,RC,2016.0,300h,60.8
Lexus,RX,2010.0,450h,59.5
Lexus,RX,2011.0,450h,62.5
Lexus,RX,2013.0,350,60.0
Lexus,RX,2016.0,450h,56.3
Lexus,RX,2018.0,450h,54.3
Lincoln,MKS,2009.0,3.7 V6,60.5
Lincoln,MKT,2010.0,3.5 V6,55.8
Lincoln,MKX,2016.0,3.7 V6,60.1
Lincoln,MKZ,2012.0,2,59.1
Lotus,Elise,2008.0,SC,74.2
Lotus,Elise,2014.0,1.8,72.6
Lotus,Evora,2011.0,3.5 V6,69.3
Mazda,2,2008.0,1.3,64.5
Mazda,2,2011.0,1.3,60.8
Mazda,2,2011.0,1.3,62.6
Mazda,2,2011.0,1.5,66.4
Mazda,2,2011.0,1.3 BiFuel,62.3
Mazda,2,2012.0,1.5,63.3
Mazda,2,2015.0,1.5,62.7
Mazda,2,2017.0,1.5,61.2
Mazda,2,2018.0,1.5,60.3
Mazda,3,2010.0,1.6,65.0
Mazda,3,2010.0,2.3,64.6
Mazda,3,2010.0,Stationcar,63.1
Mazda,3,2011.0,1.6 CITD,63.3
Mazda,3,2011.0,1.6 CITD,63.3
Mazda,3,2012.0,2,63.2
Mazda,3,2014.0,2,65.4
Mazda,3,2014.0,2.5,61.2
Mazda,3,2015.0,2.5,59.8
Mazda,3,2018.0,1.5,59.2
Mazda,5,2008.0,2.0 CITD,62.1
Mazda,5,2011.0,2,64.5
Mazda,5,2011.0,1.6 CITD,61.5
Mazda,5,2012.0,Stationcar,60.9
Mazda,6,2008.0,2.0 CITD,65.1
Mazda,6,2008.0,2.0 CITD Stationcar,63.5
Mazda,6,2008.0,2.0 Stationcar,62.0
Mazda,6,2009.0,Stationcar,62.5
Mazda,6,2011.0,2.2 CiTD Stationcar,61.0
Mazda,6,2011.0,2.2 CiTD Stationcar,61.0
Mazda,6,2013.0,2.5,58.4
Mazda,6,2013.0,2.0 Stationcar,62.2
Mazda,6,2013.0,2.5 V6,58.4
Mazda,6,2015.0,2.2D Stationcar,62.1
Mazda,6,2016.0,2.5,61.5
Mazda,6,2017.0,2.2d,63.5
Mazda,6,2017.0,2.2d stationcar,60.3
Mazda,CX3,2016.0,2,62.2
Mazda,CX-3,2015.0,2,63.1
Mazda,CX-3,2017.0,2,61.5
Mazda,CX-3,2018.0,2,57.2
Mazda,CX-3,2018.0,1.5d,60.3
Mazda,CX-5,2012.0,2,65.4
Mazda,CX-5,2012.0,2,62.2
Mazda,CX-5,2012.0,2,62.3
Mazda,CX-5,2012.0,2,64.5
Mazda,CX-5,2013.0,2,58.9
Mazda,CX-5,2015.0,2.2,61.0
Mazda,CX-5,2017.0,2,61.5
Mazda,CX-5,2017.0,2.2d,59.5
Mazda,CX-5,2018.0,2.2d,57.6
Mazda,MX-5,2012.0,2'.0,62.9
Mazda,MX-5,2016.0,1.5,67.5
Mazda,MX-5,2016.0,2,69.6
McLaren,570S,2017.0,3.8 V8,72.0
McLaren,MP4-12C,2012.0,3.8 V8,69.8
Mercedes,A,2012.0,180,60.1
Mercedes,A,2012.0,200,59.9
Mercedes,A,2016.0,180d,62.5
Mercedes,A,2016.0,45 AMG,63.5
Mercedes,A,2018.0,180d,61.2
Mercedes,AMG GT,2017.0,R,67.5
Mercedes,B,2012.0,200,62.5
Mercedes,B,2012.0,200,63.8
Mercedes,B,2014.0,180,58.9
Mercedes,B,2017.0,EV,59.2
Mercedes,B,2018.0,180,59.2
Mercedes,B,2018.0,180d,61.2
Mercedes,C,2008.0,180,59.2
Mercedes,C,2008.0,350,60.8
Mercedes,C,2008.0,200 CDI,62.1
Mercedes,C,2008.0,220 CDI Stationcar,62.3
Mercedes,C,2008.0,63 AMG,64.5
Mercedes,C,2009.0,250 CDI,64.5
Mercedes,C,2011.0,180,63.5
Mercedes,C,2011.0,180,63.5
Mercedes,C,2012.0,250,58.5
Mercedes,C,2012.0,63 AMG,63.2
Mercedes,C,2014.0,220,59.2
Mercedes,C,2014.0,300,58.4
Mercedes,C,2015.0,180 Stationcar,62.2
Mercedes,C,2015.0,250 Stationcar,61.1
Mercedes,C,2016.0,250 Coupe,62.2
Mercedes,C,2018.0,180d,63.0
Mercedes,C,2018.0,220d Stationcar,58.7
Mercedes,C,2014.0,220 Stationcar,59.1
Mercedes,C,2015.0,350E,57.3
Mercedes,C,2015.0,450 AMG,62.6
Mercedes,CL,2011.0,500/550,58.1
Mercedes,CLA,2013.0,200,61.2
Mercedes,CLA,2014.0,200,61.6
Mercedes,CLA,2014.0,250,60.7
Mercedes,CLA,2014.0,45 AMG,63.8
Mercedes,CLA,2016.0,180,59.4
Mercedes,CLA,2018.0,200,59.9
Mercedes,CLC,2008.0,180,61.8
Mercedes,CLS,2011.0,350,59.3
Mercedes,E,2008.0,300,59.1
Mercedes,E,2008.0,63 AMG,62.8
Mercedes,E,2009.0,250 CDI,61.3
Mercedes,E,2009.0,350 CDI,59.4
Mercedes,E,2009.0,350 CGI Coupe,60.6
Mercedes,E,2010.0,250 CGI Cabrio,62.1
Mercedes,E,2010.0,350 CDI,59.4
Mercedes,E,2010.0,350 CGI Stationcar,61.4
Mercedes,E,2010.0,500/550,62.3
Mercedes,E,2010.0,550/500 Coupe,57.4
Mercedes,E,2010.0,63 AMG,53.5
Mercedes,E,2011.0,350 CGI Stationcar,63.0
Mercedes,E,2012.0,350,61.5
Mercedes,E,2014.0,200,56.8
Mercedes,E,2014.0,350,55.8
Mercedes,E,2016.0,220d,56.6
Mercedes,E,2016.0,220d Stationcar,61.0
Mercedes,E,2016.0,250 Stationcar,58.8
Mercedes,E,2016.0,350d,60.0
Mercedes,E,2017.0,400,60.0
Mercedes,E,2017.0,220d,58.2
Mercedes,E,2017.0,350d,60.5
Mercedes,E,2017.0,350d stationcar,60.5
Mercedes,E 220,2015.0,2.1D,60.1
Mercedes,E 250,2015.0,2.1D,61.6
Mercedes,E 350,2013.0,Convertible,60.6
Mercedes,E 350,2015.0, ,59.1
Mercedes,GLA,2014.0,200,60.9
Mercedes,GLA,2015.0,250,62.1
Mercedes,GLA,2015.0,45 AMG,63.1
Mercedes,GLA,2018.0,220d,62.2
Mercedes,GLC,2015.0,250d,57.7
Mercedes,GLC,2016.0,250d,62.2
Mercedes,GLC,2016.0,250d,59.5
Mercedes,GLC,2017.0,250d,60.0
Mercedes,GLC,2017.0,350d,57.1
Mercedes,GLC,2017.0,43 AMG,62.5
Mercedes,GLC,2018.0,220d,56.6
Mercedes,GLE,2016.0,250d,59.5
Mercedes,GLE,2017.0,400,59.0
Mercedes,GLE,2017.0,350d,60.5
Mercedes,GLK,2008.0,320 CDI,61.1
Mercedes,GLK,2009.0,220 CDI,60.6
Mercedes,GLK,2014.0,220,60.1
Mercedes,GLK,2014.0,3.0D V6,61.1
Mercedes,ML,2008.0,63 AMG,60.0
Mercedes,ML,2009.0,320,60.9
Mercedes,ML,2012.0,350,59.1
Mercedes,ML,2012.0,350,59.5
Mercedes,ML,2012.0,450/500,57.1
Mercedes,R,2012.0,350 CDI,59.9
Mercedes,S,2008.0,500,60.7
Mercedes,S,2008.0,63 AMG,64.7
Mercedes,S,2009.0,400 Hybrid,60.8
Mercedes,S,2010.0,500 L 4 matic,59.3
Mercedes,S,2013.0,500,57.1
Mercedes,S,2014.0,500,55.6
Mercedes,S,2016.0,350d,56.8
Mercedes,S,2016.0,500e,54.0
Mercedes,S,2016.0,AMG S63,58.5
Mercedes,SL,2012.0,500,63.8
Mercedes,SL,2016.0,400,61.0
Mercedes,SLK,2011.0,350,66.1
Mercedes,SLK,2012.0,350,63.6
Mercedes,SLS,2012.0,AMG Roadster,63.0
Mercury,Grand Marquis,2010.0,4.6 V8,62.8
Mercury,Mariner,2008.0,Hybrid,65.5
Mini,Clubman,2012.0,Cooper S,65.3
Mini,Clubman,2016.0,One,60.6
Mini,Cooper,2008.0,D,72.1
Mini,Cooper,2009.0,Cabrio,65.9
Mini,Cooper,2010.0, ,65.8
Mini,Cooper,2010.0,Stationcar,64.1
Mini,Cooper,2011.0,1.6,63.1
Mini,Cooper,2011.0,S Coupe,64.9
Mini,Cooper,2011.0,Stationcar,65.1
Mini,Cooper,2014.0,1.5,63.2
Mini,Cooper,2014.0, ,62.8
Mini,Cooper,2015.0,S Clubman,64.3
Mini,Cooper,2016.0,1.5 Cabrio,64.1
Mini,Cooper,2016.0,2.0D,61.7
Mini,Cooper,2016.0,Cabrio,68.5
Mini,Cooper,2016.0,S,65.0
Mini,Cooper,2017.0,S,65.5
Mini,Cooper,2018.0,1.5,61.3
Mini,Cooper,2018.0,1.5d,62.7
Mini,Countryman,2012.0,Cooper,63.3
Mini,Countryman,2014.0,1.6,63.4
Mini,Countryman,2015.0,1.6,63.8
Mini,Countryman,2015.0, ,63.6
Mini,Countryman,2018.0,1.5,57.3
Mini,Roadster,2012.0,Cooper S,63.4
Mitsubihi,Lancer,2011.0,Sportback 1.6,63.8
Mitsubishi,ASX,2010.0,1.6,62.0
Mitsubishi,ASX,2013.0,1.6,62.5
Mitsubishi,ASX,2015.0,1.6,65.1
Mitsubishi,ASX,2016.0,1.6,64.6
Mitsubishi,Colt,2009.0,1.3 Invit,66.3
Mitsubishi,Colt,2010.0,1.3,64.8
Mitsubishi,i,2010.0,0.7,61.6
Mitsubishi,Lancer,2008.0,110,69.2
Mitsubishi,Lancer,2008.0,Evo X,65.9
Mitsubishi,Lancer,2008.0,Evolution MR,65.8
Mitsubishi,Lancer,2008.0,GTS,62.4
Mitsubishi,Lancer,2009.0,1.8 Stationcar,67.0
Mitsubishi,Lancer,2008.0,2.0 DI-D,65.3
Mitsubishi,Outlander,2008.0,2.2 DI-D,64.4
Mitsubishi,Outlander,2008.0,2.4 CVT,66.1
Mitsubishi,Outlander,2010.0,2.2 DI-D,61.4
Mitsubishi,Outlander,2011.0,2,63.1
Mitsubishi,Outlander,2013.0,2,65.1
Mitsubishi,Outlander,2014.0,PHEV,59.6
Mitsubishi,Outlander,2018.0,Hybrid,61.5
Mitsubishi,Space Star,2013.0,1,66.5
Mitsubishi,Space Star,2013.0,1,65.5
Mitsubishi,Space Star,2017.0,1.2,65.0
Nissan,350Z,2008.0, ,65.5
Nissan,370Z,2009.0, ,66.3
Nissan,370Z,2010.0, ,67.0
Nissan,370Z,2010.0,Cabrio,65.2
Nissan,370Z,2017.0, ,68.5
Nissan,Altima,2008.0,3.5 V6,59.7
Nissan,Altima,2012.0,3.5 V6,56.1
Nissan,Altima,2013.0,2.5,57.6
Nissan,Altima,2016.0,2.5,58.7
Nissan,Cube,2009.0,S,65.0
Nissan,Cube,2010.0,1.6 CVT,62.8
Nissan,GT-R,2009.0, ,72.5
Nissan,GT-R,2011.0, ,67.4
Nissan,GT-R,2012.0, ,67.2
Nissan,GT-R,2013.0, ,70.1
Nissan,GT-R,2017.0,3.8 V6,68.0
Nissan,Juke,2011.0,1.6,65.2
Nissan,Juke,2011.0,1.6 DIG-T,66.2
Nissan,Juke,2013.0,1.6,64.1
Nissan,Juke,2013.0,Nismo,62.5
Nissan,Juke,2014.0,1.2,62.4
Nissan,Juke,2018.0,1.2,60.6
Nissan,Juke,2018.0,1.5d,60.9
Nissan,Leaf,2011.0, ,63.1
Nissan,Leaf,2011.0, ,60.6
Nissan,Leaf,2013.0, ,62.3
Nissan,Leaf,2017.0,EV,59.7
Nissan,Maxima,2009.0,3.5 V6,63.9
Nissan,Micra,2011.0,1.2,66.6
Nissan,Micra,2011.0,1.2,61.5
Nissan,Micra,2012.0,1.2,64.4
Nissan,Micra,2017.0,0.9,62.2
Nissan,Micra,2017.0,0.9,62.2
Nissan,Micra,2017.0,0.9,63.0
Nissan,Micra,2018.0,1,60.5
Nissan,Murano,2008.0,3.5 V6,57.8
Nissan,Murano,2009.0,3.5 V6,61.8
Nissan,Murano,2011.0,CrossCabriolet,63.4
Nissan,Navara,2012.0,2.5 DCI,66.1
Nissan,Note,2009.0,1.4,62.7
Nissan,Note,2010.0,1.4 L,66.6
Nissan,Note,2014.0,1.2,65.4
Nissan,Note,2016.0,1.2,62.3
Nissan,Pathfinder,2008.0,5.6 V8,62.0
Nissan,Pathfinder,2012.0,3.5 V6,58.1
Nissan,Pixo,2009.0,1,67.0
Nissan,Pulsar,2014.0,1.2,60.1
Nissan,Pulsar,2018.0,1.5d,61.0
Nissan,Qashqai,2008.0,1.6,63.3
Nissan,Qashqai,2008.0,2.0 dCI,62.8
Nissan,Qashqai,2009.0,2,63.9
Nissan,Qashqai,2010.0,1.6,65.1
Nissan,Qashqai,2012.0,1.6,62.2
Nissan,Qashqai,2012.0,1.6,64.1
Nissan,Qashqai,2014.0,1.2,59.7
Nissan,Qashqai,2015.0,1.6,62.3
Nissan,Qashqai,2016.0,1.2,60.2
Nissan,Qashqai,2017.0,1.2,61.5
Nissan,Qashqai,2017.0,1.6,61.5
Nissan,Qashqai,2017.0,1.6D,62.5
Nissan,Qashqai+2,2009.0,2,62.5
Nissan,Rogue,2008.0,2.5,65.1
Nissan,Rogue,2014.0,2.5,59.4
Nissan,Rogue,2016.0,2.5,59.8
Nissan,Titan,2016.0,5.6 V8,63.5
Nissan,Versa,2012.0,1.6,63.7
Nissan,X-Trail,2008.0,2.0 dCI,63.8
Nissan,X-trail,2015.0,1.6D,63.2
Nissan,X-Trail,2017.0,1.6,61.6
Nissan,X-Trail,2018.0,2.0d,62.6
Opel,Adam,2018.0,1.4,62.0
Opel,Agila,2008.0,1,67.1
Opel,Agila,2013.0,1,65.5
Opel,Agile,2011.0,1,67.1
Opel,Ampera,2012.0,1.4 Hybrid,62.6
Opel,Ampera-e,2017.0,EV,60.5
Opel,Antara,2008.0,2.0 CDTI,64.1
Opel,Antera,2011.0,2.4,62.4
Opel,Astra,2008.0,1.6 GTC,64.5
Opel,Astra,2008.0,1.6 turbo,63.8
Opel,Astra,2008.0,GTC 1.6,65.7
Opel,Astra,2009.0,1.4 Turbo,63.2
Opel,Astra,2010.0,1.4 Turbo,63.5
Opel,Astra,2010.0,1.6 Turbo,63.5
Opel,Astra,2010.0,1.6 Twintop,65.5
Opel,Astra,2011.0,1.6 Turbo,62.3
Opel,Astra,2011.0,1.6 Turbo Stationcar,64.4
Opel,Astra,2012.0,1.4,64.5
Opel,Astra,2012.0,1.4 turbo,61.8
Opel,Astra,2012.0,1.6 Stationcar,61.9
Opel,Astra,2012.0,GTC,65.8
Opel,Astra,2012.0,GTC 1.6,64.1
Opel,Astra,2015.0,1.4,61.1
Opel,Astra,2016.0,1,62.0
Opel,Astra,2016.0,1.6D,61.5
Opel,Astra,2016.0,1.6D Estate,61.1
Opel,Astra,2017.0,1,61.5
Opel,Cascada,2014.0,1.6,61.4
Opel,Corsa,2008.0,1.6 Turbo GSI,66.1
Opel,Corsa,2009.0,1.2,63.9
Opel,Corsa,2010.0,1.4,65.2
Opel,Corsa,2011.0,1.2,64.3
Opel,Corsa,2011.0,1.3 CDTI,65.8
Opel,Corsa,2012.0,1.3 CDTI,65.6
Opel,Corsa,2015.0,1,62.6
Opel,Corsa,2016.0,1,64.8
Opel,Corsa,2016.0,OPC,66.5
Opel,Corsa,2017.0,1,64.0
Opel,Crossland X,2017.0,1.2,60.9
Opel,Crossland X,2018.0,1.6d,61.0
Opel,Insignia,2009.0,1.6 Turbo Stationcar,62.7
Opel,Insignia,2009.0,2.0 T 4x4,66.0
Opel,Insignia,2012.0,1.4,63.2
Opel,Insignia,2012.0,2.0 CDTI,61.8
Opel,Insignia,2014.0,1.6,62.2
Opel,Insignia,2015.0,2.0D,62.7
Opel,Insignia,2016.0,2.0D,62.0
Opel,Insignia,2017.0,2.0d,62.5
Opel,Insignia,2017.0,2.0d stationcar,61.2
Opel,Insignia,2018.0,1.6d,59.3
Opel,Insignia,2017.0,1.5,60.1
Opel,Karl,2017.0,1,63.0
Opel,Meriva,2010.0,1.4 Turbo,64.9
Opel,Meriva,2012.0,1.4 turbo,64.0
Opel,Mokka,2013.0,1.6,66.0
Opel,Mokka,2014.0,1.4,61.6
Opel,Mokka,2017.0,1.6D,64.5
Opel,Zafira,2008.0,1.7 CDTI,63.2
Opel,Zafira,2010.0,1.6 Turbo,62.8
Opel,Zafira,2012.0,1.4,61.6
Opel,Zafira,2012.0,1.4,63.1
Opel,Zafira,2015.0,1.6D,63.1
Opel,Zafira,2015.0,2.0D Tourer,62.1
Opel,Zafira Tourer,2016.0,2.0D,63.3
Peugeot,107,2008.0,1,67.2
Peugeot,107,2011.0,1,66.1
Peugeot,107,2012.0,1,68.0
Peugeot,107,2013.0,1,66.8
Peugeot,108,2018.0,1,63.0
Peugeot,206,2010.0,1.4 XS,69.6
Peugeot,206,2011.0,1.4,66.5
Peugeot,207,2008.0,1.4,66.2
Peugeot,207,2008.0,1.4 Stationcar,64.1
Peugeot,207,2008.0,1.6 16V HDIF,65.4
Peugeot,207,2008.0,1.6 HDiF Stationcar,64.1
Peugeot,207,2008.0,1.6 Stationcar,65.5
Peugeot,207,2008.0,RC Stationcar,67.0
Peugeot,207,2009.0,1.4 Stationcar,62.7
Peugeot,207,2010.0,1.4 VTi,62.7
Peugeot,207,2010.0,1.6 THP,63.6
Peugeot,207,2010.0,1.6 THP CC,64.2
Peugeot,207,2010.0,1.6 VTI 16v XS,63.4
Peugeot,208,2012.0,1.4,63.6
Peugeot,208,2012.0,1.2 VTI,63.3
Peugeot,208,2012.0,1.6 VTI,60.8
Peugeot,208,2016.0,GTI,66.5
Peugeot,208,2017.0,1.2,65.0
Peugeot,208,2017.0,1.6d,65.5
Peugeot,208,2017.0,GTI,67.0
Peugeot,208,2018.0,GTI,64.1
Peugeot,308,2008.0,1.6,63.5
Peugeot,308,2008.0,1.6 Stationcar,61.7
Peugeot,308,2008.0,2.0 HDiF,58.5
Peugeot,308,2008.0,XT2.0 16V HDI,65.0
Peugeot,308,2009.0,1.6 VTi CC,63.2
Peugeot,308,2009.0,1.6 VTI Stationcar,62.3
Peugeot,308,2010.0,1.6 CC,63.1
Peugeot,308,2010.0,1.6 THP GTI,61.7
Peugeot,308,2010.0,1.6 VTi,62.0
Peugeot,308,2011.0,1.6 HDI,63.2
Peugeot,308,2011.0,1.6 HDI,63.2
Peugeot,308,2011.0,1.6 THP Stationcar,62.5
Peugeot,308,2012.0,CC 1.6,63.7
Peugeot,308,2013.0,1.6,59.3
Peugeot,308,2014.0,1.2,61.6
Peugeot,308,2014.0,1.6D,62.5
Peugeot,308,2014.0,SW 1.6,60.8
Peugeot,308,2015.0,1.2,61.1
Peugeot,308,2016.0,1.2 Stationcar,61.5
Peugeot,308,2016.0,1.6D,64.0
Peugeot,308,2016.0,GTI,65.0
Peugeot,308,2017.0,1.2 stationcar,58.8
Peugeot,308,2018.0,2.0d,61.5
Peugeot,308,2018.0,GTI,60.2
Peugeot,407,2009.0,2.0 Stationcar,61.0
Peugeot,508,2011.0,1.6 E-HDI,62.0
Peugeot,508,2011.0,1.6 e-HDI,61.2
Peugeot,508,2011.0,1.6 E-HDI Stationcar,61.5
Peugeot,508,2012.0,1.6 E-HDI,58.6
Peugeot,508,2012.0,2.0 HDI Stationcar,61.4
Peugeot,508,2012.0,2.0 Hybrid Stationcar,62.6
Peugeot,508,2015.0,1.6D Stationcar,62.4
Peugeot,508,2018.0,2.0d,59.8
Peugeot,2008,2010.0,1.6 THP,62.7
Peugeot,2008,2013.0,1.2,65.4
Peugeot,2008,2014.0,1.2,62.6
Peugeot,2008,2015.0,1.2,63.7
Peugeot,2008,2017.0,1.2,61.1
Peugeot,2008,2018.0,1.2,58.5
Peugeot,2008,2018.0,1.6d,61.4
Peugeot,3008,2009.0,1.6 THP,61.9
Peugeot,3008,2009.0,1.6 THP,63.3
Peugeot,3008,2010.0,2.0 HDiF,62.6
Peugeot,3008,2012.0,1.6 VTI,62.6
Peugeot,3008,2017.0,1.2,60.3
Peugeot,3008,2017.0,2.0d,60.5
Peugeot,3008,2018.0,1.2,55.8
Peugeot,3008,2018.0,1.5d,58.5
Peugeot,5008,2010.0,1.8 THP,63.3
Peugeot,5008,2017.0,1.6,62.0
Peugeot,5008,2018.0,1.2,57.9
Peugeot,RCZ,2010.0,1.6 THP,62.7
Peugeot,RCZ,2011.0,1.6 THP 200,62.0
Pontiac,G8,2008.0,3.6 V6,63.0
Pontiac,G8,2008.0,GT,64.1
Porsche,718,2016.0,Boxter S,67.0
Porsche,718,2016.0,Cayman,69.0
Porsche,718,2017.0,Boxter S,67.0
Porsche,911,2008.0,GT2,71.4
Porsche,911,2010.0,GT3,72.1
Porsche,911,2011.0,GT2 RS,70.6
Porsche,911,2011.0,GTS,65.1
Porsche,911,2012.0,Carrera S Cabrio,68.8
Porsche,911,2012.0,S,64.2
Porsche,911,2013.0,Carrera S,64.7
Porsche,911,2014.0,Targa,66.1
Porsche,911,2016.0,Cabrio,67.0
Porsche,911,2016.0,Carrera S,67.8
Porsche,911,2016.0,Carrera S Cabrio,67.3
Porsche,911,2016.0,Turbo,69.5
Porsche,911,2017.0,Turbo,67.5
Porsche,Boxter,2011.0,Spyder,63.4
Porsche,Boxter,2012.0,S,63.5
Porsche,Boxter,2012.0,S,61.4
Porsche,Cayenne,2008.0,GTS,62.5
Porsche,Cayenne,2009.0,Diesel,64.4
Porsche,Cayenne,2010.0,Turbo,62.5
Porsche,Cayenne,2011.0,S Hybrid,59.3
Porsche,Cayenne,2012.0,Diesel,59.9
Porsche,Cayenne,2014.0,Turbo,60.5
Porsche,Cayenne,2016.0,Turbo S,62.5
Porsche,Cayman,2008.0, ,65.6
Porsche,Cayman,2012.0,R,65.9
Porsche,Cayman,2013.0,2.7,62.5
Porsche,Cayman,2014.0,S,65.8
Porsche,Cayman,2017.0,S,67.5
Porsche,Macan,2014.0,S Diesel,57.9
Porsche,Macan,2015.0,S,60.2
Porsche,Macan,2016.0,Diesel,61.7
Porsche,Macan,2016.0,GTS,61.0
Porsche,Macan,2017.0,2,60.5
Porsche,Macan,2017.0,3.0d,59.6
Porsche,Panamera,2009.0,Turbo,62.6
Porsche,Panamera,2010.0,4S,62.5
Porsche,Panamera,2011.0,3.6 V6,62.1
Porsche,Panamera,2011.0,Turbo 4.8 V8,62.1
Porsche,Panamera,2012.0,S Hybrid 3.0 V6,61.5
Porsche,Panamera,2013.0,S E-Hybrid,58.6
Porsche,Panamera,2016.0,S E-hybrid,61.0
Porsche,Panamera,2017.0,Turbo,61.0
Range Rover,0,2013.0,5.0 V8,58.2
Range Rover,Evoque,2008.0,TDV8,62.6
Range Rover,Evoque,2011.0,2.2,61.7
Range Rover,Evoque,2014.0,2.2,64.5
Range Rover,Evoque,2016.0,2.0D,59.4
Range Rover,Sport,2013.0,TDV6,59.4
Range Rover,Sport,2014.0,5.0 V8,59.4
Range Rover,Sport,2014.0,5.0 V8,59.7
Range Rover,Velar,2017.0,2.0d,58.1
Renault,Captur,2013.0,1.2,64.4
Renault,Captur,2014.0,0.9,62.2
Renault,Captur,2015.0,1.2,63.8
Renault,Captur,2017.0,1.2,61.2
Renault,Captur,2018.0,1.5d,62.9
Renault,Clio,2008.0,1.2,62.8
Renault,Clio,2008.0,1.2 Stationcar,65.7
Renault,Clio,2009.0,1.2,62.8
Renault,Clio,2010.0,1.2,64.2
Renault,Clio,2010.0,TCE 100,62.6
Renault,Clio,2012.0,0.9,63.4
Renault,Clio,2014.0,0.9,64.3
Renault,Clio,2017.0,0.9,61.5
Renault,Clio,2017.0,1.5d,64.0
Renault,Clio,2017.0,RS Trophy,67.0
Renault,Clio,2018.0,1.2,60.0
Renault,Clio,2018.0,RS,65.8
Renault,Espace,2008.0,2.0 DCI 16V,61.2
Renault,Espace,2015.0,1.6,59.2
Renault,Espace,2016.0,1.6D,62.5
Renault,Fluence,2012.0, ,64.2
Renault,Grand Espace,2008.0,3.5 V6,61.1
Renault,Grand Modus,2009.0,1.2,62.1
Renault,Grand Scenic,2009.0,1.4,62.4
Renault,Grand Scenic,2012.0,1.5,61.5
Renault,Kadjar,2015.0,1.2,61.7
Renault,Kadjar,2015.0,1.6D,63.6
Renault,Kadjar,2017.0,1.2,60.9
Renault,Kadjar,2018.0,1.2,58.5
Renault,Kadjar,2018.0,1.5d,61.5
Renault,Kangoo,2008.0,1.6,64.6
Renault,Kangoo,2008.0,1.6 16V 110,68.4
Renault,Kangoo,2018.0,1.2,59.8
Renault,Koleos,2008.0,2.0 dCI,61.5
Renault,Koleos,2008.0,2.0 DCI 175,64.3
Renault,Koleos,2017.0,1.6,62.3
Renault,Koleos,2018.0,1.6d,59.8
Renault,Laguna,2008.0,2,62.6
Renault,Laguna,2008.0,2.0 dCI,58.3
Renault,Laguna,2008.0,2.0 Stationcar,61.9
Renault,Laguna,2009.0,3.5 V6 Coupe,62.0
Renault,Laguna,2011.0,1.5 D Stationcar,61.5
Renault,Laguna,2011.0,1.5 DCI,65.0
Renault,Laguna,2011.0,1.5 DCI Stationcar,63.7
Renault,Laguna,2015.0,1.5 DCI Stationcar,62.8
Renault,Megane,2009.0,1.6,66.1
Renault,Megane,2009.0,1.4 Stationcar,64.8
Renault,Megane,2009.0,1.6 16V,66.2
Renault,Megane,2009.0,1.9 dCI,63.4
Renault,Megane,2009.0,TCE 130 Stationcar,62.8
Renault,Megane,2010.0,1.6 CC,62.5
Renault,Megane,2011.0,GT 2.0 Coupe,64.9
Renault,Megane,2012.0,1.2 Coupe,62.1
Renault,Megane,2012.0,1.5 D Stationcar,61.4
Renault,Megane,2012.0,110 DCI Stationcar,61.5
Renault,Megane,2016.0,1.2,63.4
Renault,Megane,2016.0,1.6D,64.0
Renault,Scenic,2008.0,2,62.6
Renault,Scenic,2009.0,TCE 130,63.8
Renault,Scenic,2010.0,2.0 dCI,62.8
Renault,Scenic,2010.0,TCE 130,63.3
Renault,Scenic,2017.0,1.2,59.7
Renault,Scenic,2017.0,1.6d,62.5
Renault,Talisman,2016.0,1.5D,61.3
Renault,Talisman,2016.0,1.6D,61.5
Renault,Talisman,2017.0,1.6d,60.5
Renault,Talisman,2018.0,1.6,57.8
Renault,Twingo,2008.0,1.2,69.4
Renault,Twingo,2008.0,RS,66.7
Renault,Twingo,2009.0,1.2,65.3
Renault,Twingo,2009.0,1.2 60,70.5
Renault,Twingo,2012.0,1.2,64.7
Renault,Twingo,2013.0,1.2,66.6
Renault,Twingo,2014.0,1,63.8
Renault,Twingo,2016.0,0.9,64.0
Renault,Twingo,2018.0,1,64.0
Renault,Wind,2010.0,1.2,65.5
Renault,Zoe,2013.0, ,63.0
Renault,Zoe,2017.0,EV,61.6
Rolls Royce,Wraith,2014.0,6.6 V12,56.2
Saab,9-3,2008.0,1.8t,62.5
Saab,9-3,2008.0,1.9 TTiD Stationcar,63.3
Saab,9-3,2009.0,X 2.0,62.9
Saab,9-5,2010.0,2.0T,62.2
Saab,9-5,2010.0,Aero,62.3
Saturn,Astra,2008.0,1.8,67.2
Saturn,Vue,2008.0,3.6 V6,66.1
Scion,FR-S,2012.0,2,64.7
Scion,iQ,2012.0,1.3,63.6
Scion,tC,2011.0,2.5,63.7
Scion,xB,2008.0,2.4,61.3
Seat,Alhambra,2011.0,1.4 TSI,60.5
Seat,Altea,2008.0,2.0 TDI,65.6
Seat,Altea,2008.0,2.0 TSI Freetrack,62.8
Seat,Altea XL,2008.0,1.8 TSI,65.0
Seat,Arona,2018.0,1,58.3
Seat,Ateca,2017.0,1,62.0
Seat,Ateca,2017.0,1.4,59.0
Seat,Ateca,2018.0,2.0d,58.8
Seat,Exeo,2009.0,1.8,62.4
Seat,Exeo,2009.0,2.0 TDI Stationcar,59.7
Seat,Exeo,2009.0,Exeo,62.8
Seat,Exeo,2011.0,1.8 Stationcar,61.0
Seat,Exeo,2012.0,2.0 TDI Stationcar,63.7
Seat,Ibiza,2008.0,1.4,65.7
Seat,Ibiza,2010.0,1.4,65.5
Seat,Ibiza,2010.0,1.4 TSI Cupra,64.6
Seat,Ibiza,2011.0,1.2 TDI,63.0
Seat,Ibiza,2011.0,1.2 TDI Stationcar,65.4
Seat,Ibiza,2012.0,1.2,62.9
Seat,Ibiza,2016.0,1,63.5
Seat,Ibiza,2017.0,1,62.3
Seat,Leon,2008.0,1.4 TSI,63.3
Seat,Leon,2008.0,1.8 TFSI,64.4
Seat,Leon,2008.0,1.9 TDI,61.7
Seat,Leon,2009.0,1.4 TSI,65.2
Seat,Leon,2010.0,1.6 TDI,63.0
Seat,Leon,2013.0,1.4,63.9
Seat,Leon,2014.0,1.4,64.1
Seat,Leon,2014.0,1.6 TDI Stationcar,61.7
Seat,Leon,2015.0,ST Cupra 280,62.6
Seat,Leon,2016.0,1,58.6
Seat,Leon,2016.0,2.0D,64.5
Seat,Leon,2017.0,1,60.0
Seat,Leon,2017.0,Cupra,65.5
Seat,Leon SC,2013.0,1.8 TSI,62.9
Seat,MII,2012.0,1,65.3
Seat,Mii,2012.0,1,63.8
Seat,Mii,2013.0,1,66.2
Seat,Mii,2014.0,1,66.2
Skoda,Citigo,2012.0,1,64.9
Skoda,Citigo,2013.0,1,64.1
Skoda,Fabia,2008.0,1.4,67.3
Skoda,Fabia,2008.0,1.6 Stationcar,66.6
Skoda,Fabia,2010.0,1.2,64.2
Skoda,Fabia,2010.0,1.4,66.7
Skoda,Fabia,2010.0,1.2 TDI Stationcar,63.7
Skoda,Fabia,2011.0,1.2 TDI,65.9
Skoda,Fabia,2015.0,1.2,64.9
Skoda,Fabia,2016.0,1.2,61.0
Skoda,Fabia,2018.0,1.4,63.4
Skoda,Kodiaq,2017.0,1.4,59.7
Skoda,Octavia,2008.0,1.8 TSI Stationcar,63.8
Skoda,Octavia,2009.0,1.4 TSI Stationcar,62.5
Skoda,Octavia,2010.0,1.6 TDI Stationcar,61.7
Skoda,Octavia,2013.0,1.2,59.1
Skoda,Octavia,2016.0,1,56.3
Skoda,Octavia,2016.0,2.0D Stationcar,60.6
Skoda,Octavia,2017.0,1.4 stationcar,62.5
Skoda,Octavia,2017.0,1.6d,60.8
Skoda,Rapid,2013.0,1.2,62.9
Skoda,Roomster,2008.0,1.4,64.6
Skoda,Superb,2008.0,1.8 TSI,61.2
Skoda,Superb,2008.0,2.0 TDI,64.0
Skoda,Superb,2010.0,2.0 TDI Stationcar,64.1
Skoda,Superb,2011.0,1.6 TDI Greenline Stationcar,63.4
Skoda,Superb,2011.0,1.8 TSI Stationcar,61.4
Skoda,Superb,2012.0,1.4,63.0
Skoda,Superb,2014.0,1.8,62.0
Skoda,Superb,2015.0,2.0 D,62.3
Skoda,Superb,2015.0,2.0D,61.1
Skoda,Superb,2017.0,2,61.5
Skoda,Superb,2017.0,2.0d,62.0
Skoda,Superb,2018.0,2.0d Stationcar,59.0
Skoda,Yeti,2010.0,1.2 TSI,65.1
Skoda,Yeti,2010.0,1.8 TSI,63.1
Skoda,Yeti,2012.0,1.4 TSI,63.2
Skoda,Yeti,2014.0,1.2,59.5
Skoda,Yeti,2017.0,2.0D,62.0
Smart,Forfour,2016.0,0.9,65.5
Smart,Fortwo,2008.0, ,71.2
Smart,Fortwo,2009.0,1,66.7
Smart,Fortwo,2011.0,1,66.1
Smart,Fortwo,2013.0,1,67.3
Smart,Fortwo,2015.0, ,66.9
SRT,Viper,2012.0,8.4 V10,73.2
SsangYong,Korando,2012.0,2,63.8
SsangYong,Tivoli,2016.0,1.6,64.6
Ssangyong,Tivoli,2018.0,1.6d,61.8
Subaru,BRZ,2012.0,2,64.0
Subaru,Forester,2008.0,2,63.0
Subaru,Forester,2009.0,2.0D,61.6
Subaru,Forester,2009.0,2.5 XT,62.9
Subaru,Forester,2013.0,2.0 turbo,58.9
Subaru,Forester,2015.0,2.0D,64.2
Subaru,Forester,2018.0,2.0d,59.6
Subaru,Forester SUV,2013.0,2,58.9
Subaru,Impreza,2008.0,2,63.3
Subaru,Impreza,2008.0,2.5,62.4
Subaru,Impreza,2008.0,WRX STI,64.7
Subaru,Impreza,2011.0,WRX,68.4
Subaru,Impreza,2011.0,WRX STI,70.3
Subaru,Justy,2008.0,1,65.3
Subaru,Legacy,2008.0,2.0 D,64.5
Subaru,Legacy,2008.0,2.0D Stationcar,62.8
Subaru,Legacy,2009.0,2.0D Stationcar,62.9
Subaru,Legacy,2010.0,2.5 GT,54.6
Subaru,Levorg,2016.0,1.6,60.7
Subaru,Levorg,2016.0,1.6,60.8
Subaru,Outback,2010.0,2.5,62.7
Subaru,Outback,2015.0,2.0D,63.1
Subaru,Trezia,2011.0,1.3,65.6
Subaru,Tribeca,2008.0,3.6,58.6
Subaru,Tribeca,2009.0,3.6,60.1
Subaru,WRX,2011.0,STi,65.6
Subaru,WRX,2014.0,2,63.2
Subaru,WRX,2014.0,STi,65.0
Subaru,XV,2012.0,2.0 CVT,62.6
Subaru,XV,2013.0,2,62.9
Suzuki,Alto,2009.0,1,64.8
Suzuki,Alto,2013.0,1,67.2
Suzuki,Baleno,2018.0,1.2,60.2
Suzuki,Grand Vitara,2008.0,2.7 V6,63.9
Suzuki,Ignis,2018.0,1.2,60.0
Suzuki,Kizashi,2010.0,SLS,61.9
Suzuki,Kizashi,2011.0,2.4,63.2
Suzuki,Kizashi,2011.0,2.4,63.2
Suzuki,S-Cross,2017.0,1,62.5
Suzuki,S-Cross,2018.0,1.4,58.5
Suzuki,Splash,2008.0,1,66.7
Suzuki,Splash,2008.0,1.2,65.0
Suzuki,Splash,2013.0,1,64.8
Suzuki,Splash,2013.0,1,64.2
Suzuki,Swift,2010.0,1.3,65.5
Suzuki,Swift,2011.0,1.2,66.1
Suzuki,Swift,2011.0,1.2,64.7
Suzuki,Swift,2012.0,1.6,65.4
Suzuki,Swift,2017.0,1.2,62.8
Suzuki,SX4,2010.0,1.6,64.4
Suzuki,SX4,2013.0,1.6,61.7
Suzuki,Vitara,2015.0,1.6,65.4
Suzuki,Vitara,2018.0,1.6d,62.2
Tesla,Model S,2012.0,Hybrid,56.0
Tesla,Model S,2013.0,Hybrid,61.0
Tesla,Model S,2016.0,90D,56.2
Tesla,Model X,2016.0,P90D,58.1
Tesla,Model X,2017.0,P100D,58.5
Toyota,4Runner,2010.0,4.0 V6,58.0
Toyota,4Runner,2014.0,4.0 V6,57.0
Toyota,Auris,2009.0,1.3,63.7
Toyota,Auris,2009.0,GTI180,63.8
Toyota,Auris,2010.0,1.6,63.7
Toyota,Auris,2010.0,1.8,63.7
Toyota,Auris,2010.0,Full Hybrid,65.1
Toyota,Auris,2013.0,1.8 Hybrid,59.9
Toyota,Auris,2013.0,Hybrid,60.6
Toyota,Auris,2016.0,1.2,60.2
Toyota,Auris,2018.0,Hybrid,58.2
Toyota,Avalon,2012.0,Hybrid,55.4
Toyota,Avalon,2016.0,2.5 Hybrid,57.4
Toyota,Avensis,2008.0,2.2 D-4D,61.7
Toyota,Avensis,2009.0,1.8 Stationcar,62.1
Toyota,Avensis,2009.0,2.2 D-4D Stationcar,65.1
Toyota,Avensis,2010.0,2.0 Stationcar,62.0
Toyota,Avensis,2012.0,2.0D,63.5
Toyota,Avensis,2015.0,1.6D,61.6
Toyota,Avensis,2018.0,1.6d,60.5
Toyota,Aygo,2008.0,1,66.2
Toyota,Aygo,2009.0,1,65.7
Toyota,Aygo,2012.0,1,66.8
Toyota,Aygo,2013.0,1,67.9
Toyota,Aygo,2014.0,1,68.5
Toyota,Camry,2013.0,Hybrid,57.6
Toyota,C-HR,2017.0,1.2,62.5
Toyota,C-HR,2017.0,1.8,61.0
Toyota,C-HR,2018.0,1.2,58.0
Toyota,C-HR,2018.0,Hybrid,56.2
Toyota,Corolla,2008.0,1.6 16v VVT-I,64.0
Toyota,Corolla,2009.0,S,62.2
Toyota,Corolla,2014.0,1.8,60.8
Toyota,GT86,2012.0,2,64.8
Toyota,GT86,2014.0,2,66.6
Toyota,GT86,2018.0, ,60.8
Toyota,Highlander,2008.0,Hybrid,60.5
Toyota,Highlander,2011.0,Hybrid,60.7
Toyota,Highlander,2014.0,3.5 V6,58.1
Toyota,iQ,2009.0,1,64.2
Toyota,IQ,2013.0,1,65.3
Toyota,Land Cruiser,2008.0,V8 4.7,59.9
Toyota,Land Cruiser,2010.0,3.0 D-4D,61.1
Toyota,Prius,2008.0,1.5,62.1
Toyota,Prius,2009.0,1.8,63.6
Toyota,Prius,2009.0, ,63.7
Toyota,Prius,2009.0,1.8 HSD,62.5
Toyota,Prius,2010.0,PHV,63.5
Toyota,Prius,2011.0,1.8,63.8
Toyota,Prius,2012.0,1.8,66.7
Toyota,Prius,2012.0,1.8,62.4
Toyota,Prius,2012.0, ,63.1
Toyota,Prius,2012.0,1.8 Hybrid Wagon,61.5
Toyota,Prius,2014.0,Plug-In,60.8
Toyota,Prius,2014.0,Wagon,61.7
Toyota,Prius,2016.0,1.8 Hybrid,61.3
Toyota,Prius,2017.0,Hybrid,62.5
Toyota,Prius,2018.0, ,53.8
Toyota,RAV4,2008.0,2.2 D-4D,63.7
Toyota,RAV4,2012.0,2.0 VVT-i,63.7
Toyota,RAV4,2013.0,2,60.2
Toyota,RAV4,2013.0,2.5,61.7
Toyota,RAV4,2018.0,2.0d,62.5
Toyota,RAV4,2018.0,Hybrid,57.3
Toyota,Sequoia,2008.0,5.7 V8,61.9
Toyota,Sienna,2011.0,3.5 V6,61.0
Toyota,Tundra,2016.0,4.6 V8,62.3
Toyota,Urban Cruiser,2009.0,1.3,62.4
Toyota,Venza,2009.0,2.7,64.0
Toyota,Verso,2008.0,1.8,62.7
Toyota,Verso,2009.0,1.8,64.3
Toyota,Verso,2018.0,1.6d,62.2
Toyota,Verso-S,2011.0,1.3,64.5
Toyota,Verso-S,2011.0,1.3,64.5
Toyota,Yaris,2008.0,1.3,66.5
Toyota,Yaris,2010.0,1.3 VVT-I,66.2
Toyota,Yaris,2011.0,1.3,65.2
Toyota,Yaris,2012.0,1.3,64.0
Toyota,Yaris,2012.0,1.5,61.5
Toyota,Yaris,2012.0,1.5 Hybrid,62.6
Toyota,Yaris,2018.0,1.5,59.3
Toyota,Yaris,2018.0,Hybrid,60.3
Volkswagen,Amarok,2012.0,2.0 TDI,61.9
Volkswagen,Arteon,2017.0,2,61.5
Volkswagen,Arteon,2018.0,2.0d,60.0
Volkswagen,Beetle,2012.0,1.2,63.7
Volkswagen,Caddy,2011.0,1.6 TDI,63.8
Volkswagen,CC,2009.0,2.0 T,63.3
Volkswagen,CrossPolo,2014.0,1.2,62.2
Volkswagen,EOS,2008.0,2.0 TFSI,65.0
Volkswagen,EOS,2010.0,1.4 TSI,64.7
Volkswagen,EOS,2011.0,2,63.4
Volkswagen,Fox,2008.0,1.2,66.4
Volkswagen,Fox,2009.0,1.2,64.9
Volkswagen,Golf,2008.0,1.6 Stationcar,63.8
Volkswagen,Golf,2008.0,2.0 TDI,65.2
Volkswagen,Golf,2008.0,R32,65.2
Volkswagen,Golf,2009.0,1.4 TSI,62.3
Volkswagen,Golf,2009.0,1.4 TSI Plus,64.1
Volkswagen,Golf,2009.0,GTI,62.5
Volkswagen,Golf,2010.0,1.4 TSI Stationcar,63.5
Volkswagen,Golf,2010.0,1.6 TDI,62.8
Volkswagen,Golf,2010.0,GTD,63.0
Volkswagen,Golf,2010.0,GTI,63.7
Volkswagen,Golf,2011.0,1.4 Cabrio,62.7
Volkswagen,Golf,2011.0,1.4 Convertible,62.7
Volkswagen,Golf,2011.0,1.4 TSI,64.2
Volkswagen,Golf,2012.0,1.4 TSI,59.2
Volkswagen,Golf,2013.0,1.4,58.9
Volkswagen,Golf,2013.0,1.4 Stationcar,61.2
Volkswagen,Golf,2013.0,1.6 D,61.1
Volkswagen,Golf,2014.0,1.6,59.6
Volkswagen,Golf,2014.0,1.2 Sportsvan,59.2
Volkswagen,Golf,2014.0,1.4 Sportsvan,62.2
Volkswagen,Golf,2014.0,GTD,63.1
Volkswagen,Golf,2014.0,GTE,61.6
Volkswagen,Golf,2014.0,GTI,63.6
Volkswagen,Golf,2014.0,R,62.1
Volkswagen,Golf,2015.0,1.4,61.1
Volkswagen,Golf,2015.0,1.8,58.8
Volkswagen,Golf,2016.0,1,60.5
Volkswagen,Golf,2016.0,1,59.5
Volkswagen,Golf,2016.0,1.0 Sportsvan,61.0
Volkswagen,Golf,2016.0,2.0D,62.0
Volkswagen,Golf,2016.0,GTI,63.3
Volkswagen,Golf,2017.0,1,61.0
Volkswagen,Golf,2017.0,1.5,61.5
Volkswagen,Golf,2017.0,1.5 stationcar,63.0
Volkswagen,Golf,2017.0,EV,57.8
Volkswagen,Jetta,2008.0,1.6,65.4
Volkswagen,Jetta,2009.0,2.0 TDI,65.5
Volkswagen,Jetta,2011.0,1.2,60.4
Volkswagen,Jetta,2011.0,1.2 TSI,58.6
Volkswagen,Jetta,2011.0,2.5 V5,57.4
Volkswagen,Jetta,2013.0,1.4 Hybrid,58.5
Volkswagen,Jetta,2014.0,1.4 Hybrid,58.8
Volkswagen,Jetta,2016.0,1.4,60.0
Volkswagen,Multivan,2011.0,2.0 TDI,64.3
Volkswagen,Passat,2008.0,1.8 TFSI Stationcar,64.5
Volkswagen,Passat,2008.0,1.9 TDI,62.9
Volkswagen,Passat,2008.0,2.0 TFSI Stationcar,61.7
Volkswagen,Passat,2008.0,3.6 V6 CC,61.0
Volkswagen,Passat,2009.0,2.0 TDI Stationcar,61.5
Volkswagen,Passat,2011.0,1.4 TSI,58.3
Volkswagen,Passat,2011.0,1.4 TSI,62.9
Volkswagen,Passat,2011.0,1.6 TDI,59.4
Volkswagen,Passat,2011.0,1.6 TDI Stationcar,61.4
Volkswagen,Passat,2012.0,3.5 V6,63.8
Volkswagen,Passat,2013.0,2.0 TDI,59.6
Volkswagen,Passat,2014.0,1.4,61.2
Volkswagen,Passat,2014.0,2.0 TDI,59.6
Volkswagen,Passat,2015.0,1.6 TDI Stationcar,61.6
Volkswagen,Passat,2015.0,2.0 TDI Stationcar,60.6
Volkswagen,Passat,2016.0,2.0 TDI,62.5
Volkswagen,Passat,2018.0,1.4,57.9
Volkswagen,Passat CC,2008.0,1.8 TSI,62.4
Volkswagen,Phaeton,2008.0,4.2 V8,60.7
Volkswagen,Phaeton,2010.0,4.2 V8 L,59.8
Volkswagen,Phaeton,2011.0,3.0 TDI,58.5
Volkswagen,Polo,2009.0,1.4,62.2
Volkswagen,Polo,2009.0,1.4 16V,64.4
Volkswagen,Polo,2010.0,1.2 TDI,64.1
Volkswagen,Polo,2011.0,1.2 TDI,65.1
Volkswagen,Polo,2012.0,1.2,63.4
Volkswagen,Polo,2012.0,1.2 TSI,62.6
Volkswagen,Polo,2013.0,1.4,64.6
Volkswagen,Polo,2016.0,1,64.3
Volkswagen,Polo,2016.0,GTI,65.5
Volkswagen,Polo,2017.0,1,61.0
Volkswagen,Polo,2017.0,1.2,61.2
Volkswagen,Scirocco,2008.0,2.0 TSI,68.1
Volkswagen,Scirocco,2009.0,2.0 TDI,64.3
Volkswagen,Scirocco,2012.0,1.4 TSI,65.6
Volkswagen,Scirocco,2014.0,2.0 TDI,64.6
Volkswagen,Sharan,2011.0,2.0 TDI,61.8
Volkswagen,Sharan,2012.0,1.4,60.3
Volkswagen,Sharan,2018.0,2.0d,59.8
Volkswagen,Tiguan,2008.0,2.0 TDI,63.4
Volkswagen,Tiguan,2009.0,2.0 TFSI,64.2
Volkswagen,Tiguan,2011.0,2.0 TDI 4-Motion,62.1
Volkswagen,Tiguan,2011.0,2.0 TSI,60.9
Volkswagen,Tiguan,2012.0,1.4 TSI,59.8
Volkswagen,Tiguan,2016.0,1.4,58.6
Volkswagen,Tiguan,2016.0,2,59.0
Volkswagen,Tiguan,2017.0,1.4,61.5
Volkswagen,Tiguan,2018.0,1.4,56.1
Volkswagen,Tiguan,2018.0,2.0d,58.4
Volkswagen,Touareg,2008.0,V8,60.3
Volkswagen,Touareg,2010.0,3.0 V6 TDI,61.0
Volkswagen,Touareg,2014.0,3.0 V6 TDI,59.6
Volkswagen,Touareg,2015.0,3.0 V6,60.1
Volkswagen,Touareg,2018.0,3.0d,61.9
Volkswagen,Touran,2018.0,1.6d,60.0
Volkswagen,T-Roc,2018.0,1,56.2
Volkswagen,T-Roc,2018.0,2.0d,60.1
Volkswagen,Up,2012.0,1,61.8
Volkswagen,Up,2013.0,1,62.8
Volkswagen,Up,2014.0,1,67.5
Volkswagen,Up,2016.0,1,64.0
Volkswagen,Up,2018.0,1,59.5
Volkswagen,Up,2018.0,Hybrid,54.6
Volkswagen,XL1,2014.0, ,68.9
Volvo,C30,2008.0,2.5,62.8
Volvo,C30,2008.0,2.4i,63.1
Volvo,C30,2008.0,T5,66.1
Volvo,C70,2010.0,T5,64.4
Volvo,D6,2015.0,2.4,56.9
Volvo,S40,2008.0,2,61.1
Volvo,S40,2009.0,2,64.7
Volvo,S60,2010.0,2.0T,64.0
Volvo,S60,2011.0,D5 2.4,61.2
Volvo,S60,2011.0,T6,66.2
Volvo,S60,2012.0,T5 2.0,61.1
Volvo,S60,2014.0,D4,59.5
Volvo,S80,2008.0,2,62.7
Volvo,S80,2008.0, ,61.0
Volvo,S80,2008.0,T6,60.5
Volvo,S80,2012.0,D5 2.4,60.6
Volvo,S80,2014.0,D4,56.4
Volvo,S90,2016.0,D4,61.0
Volvo,S90,2017.0,D4,60.5
Volvo,V40,2012.0,D2,58.4
Volvo,V40,2012.0,T3,60.6
Volvo,V40,2012.0,T3 1.6,60.8
Volvo,V40,2013.0,D2 1.6,61.9
Volvo,V40,2014.0,T4 Cross Country,62.2
Volvo,V40,2018.0,D2,62.8
Volvo,V40,2018.0,D4,61.8
Volvo,V50,2008.0,2.0I,65.4
Volvo,V50,2010.0,1.6D,62.6
Volvo,V60,2011.0,D3 2.0,62.9
Volvo,V60,2012.0,D3,60.8
Volvo,V60,2012.0,T6 3.0,62.1
Volvo,V60,2015.0,D2,62.4
Volvo,V70,2008.0,3.2,62.2
Volvo,V70,2008.0,2.4D,61.9
Volvo,V70,2010.0,1.6D Drive,61.9
Volvo,V90,2016.0,T5 Stationcar,60.8
Volvo,V90,2017.0,D5 stationcar,62.0
Volvo,V90,2017.0,T5 stationcar,57.3
Volvo,XC40,2018.0,D4,59.7
Volvo,XC60,2008.0,D5 Geartronic,60.5
Volvo,XC60,2009.0,T6,64.2
Volvo,XC60,2010.0,2.4D,60.4
Volvo,XC60,2010.0,T6,61.8
Volvo,XC60,2011.0,D5 2.4,61.6
Volvo,XC60,2015.0,D4,58.7
Volvo,XC60,2016.0,2.4D,60.0
Volvo,XC60,2016.0,D5,60.1
Volvo,XC60,2017.0,2.0d,56.1
Volvo,XC60,2018.0,D4,58.2
Volvo,XC70,2008.0,D5,61.2
Volvo,XC90,2015.0,D5,61.5
Volvo,XC90,2016.0,D4,60.5
Volvo,XC90,2016.0,T8 Twin Engine,56.6
Volvo,XC90,2017.0,2.0d,65.5
Volvo,XC90,2017.0,T6,60.0
Volvo,XC90,2018.0,D4,59.1
Volvo,XC90,2018.0,D5,60.9
,,,,
